user_id,1920.0,1930.0,1940.0,1950.0,1960.0,1970.0,1980.0,1990.0
1,0.0,0.0,0.0,0.0,100000000.0,-99.99990000010001,-49.9999750000125,14.28571224489825
2,0.0,0.0,0.0,0.0,0.0,0.0,0.0,0.0
3,0.0,0.0,0.0,0.0,0.0,0.0,0.0,0.0
4,0.0,0.0,0.0,0.0,0.0,0.0,0.0,0.0
5,0.0,0.0,0.0,0.0,100000000.0,-99.99990000010001,0.0,0.0
6,0.0,0.0,100000000.0,0.0,0.0,0.0,0.0,-99.99990000010001
7,0.0,0.0,0.0,99.99990000010001,0.0,0.0,-49.9999750000125,0.0
8,0.0,0.0,0.0,0.0,0.0,0.0,-24.99999375000156,16.666663888889353
9,0.0,100000000.0,0.0,300000000.0,0.0,0.0,0.0,-49.99999375000079
10,0.0,0.0,0.0,0.0,0.0,0.0,49.9999750000125,-33.333322222225924
11,0.0,0.0,0.0,0.0,0.0,0.0,33.333322222225924,-19.9999960000008
12,0.0,0.0,0.0,0.0,0.0,100000000.0,0.0,-16.666663888889353
13,0.0,200000000.0,0.0,0.0,0.0,0.0,0.0,-24.999996875000395
14,0.0,0.0,0.0,0.0,0.0,199.99980000020003,-49.9999750000125,-14.28571224489825
15,0.0,0.0,0.0,0.0,0.0,0.0,0.0,0.0
16,0.0,0.0,-99.99990000010001,0.0,0.0,100000000.0,33.333322222225924,-16.666663888889353
17,0.0,0.0,0.0,0.0,0.0,0.0,0.0,0.0
18,0.0,200000000.0,-99.99990000010001,-49.9999750000125,0.0,0.0,-33.333322222225924,49.9999750000125
19,0.0,100000000.0,0.0,0.0,0.0,199.99980000020003,-19.9999960000008,-49.99998750000312
20,0.0,0.0,0.0,0.0,-99.99990000010001,0.0,0.0,16.666663888889353
21,0.0,0.0,0.0,0.0,0.0,0.0,100000000.0,-11.111109876543349
22,0.0,0.0,0.0,0.0,0.0,0.0,49.9999750000125,-16.666663888889353
23,0.0,0.0,0.0,-99.99990000010001,0.0,0.0,0.0,33.333322222225924
24,0.0,0.0,0.0,0.0,0.0,0.0,0.0,0.0
25,0.0,200000000.0,0.0,0.0,0.0,0.0,49.9999750000125,-74.9999812500047
26,0.0,0.0,0.0,0.0,0.0,0.0,0.0,0.0
27,0.0,0.0,0.0,0.0,0.0,0.0,0.0,0.0
28,0.0,0.0,0.0,0.0,0.0,0.0,0.0,0.0
29,0.0,0.0,0.0,0.0,0.0,0.0,0.0,0.0
30,0.0,0.0,0.0,0.0,0.0,0.0,33.333322222225924,-16.666663888889353
31,0.0,0.0,0.0,0.0,100000000.0,0.0,0.0,-24.99999375000156
32,0.0,0.0,0.0,0.0,0.0,0.0,0.0,0.0
33,0.0,0.0,0.0,0.0,0.0,0.0,0.0,0.0
34,0.0,0.0,0.0,0.0,0.0,0.0,0.0,0.0
35,0.0,0.0,0.0,0.0,0.0,0.0,0.0,0.0
36,0.0,0.0,0.0,0.0,0.0,0.0,0.0,0.0
37,0.0,0.0,0.0,0.0,0.0,0.0,-33.333322222225924,16.666663888889353
38,0.0,0.0,-99.99990000010001,0.0,-49.9999750000125,0.0,0.0,33.333327777778706
39,0.0,0.0,0.0,0.0,0.0,0.0,0.0,0.0
40,0.0,0.0,0.0,0.0,0.0,0.0,0.0,0.0
41,0.0,0.0,0.0,0.0,0.0,-33.333322222225924,0.0,49.9999750000125
42,0.0,0.0,0.0,0.0,0.0,0.0,0.0,0.0
43,0.0,0.0,0.0,0.0,0.0,0.0,0.0,0.0
44,0.0,0.0,0.0,0.0,0.0,-49.9999750000125,-49.9999750000125,39.9999920000016
45,0.0,0.0,0.0,0.0,0.0,0.0,0.0,0.0
46,0.0,0.0,0.0,0.0,0.0,0.0,0.0,0.0
47,0.0,0.0,0.0,0.0,0.0,0.0,0.0,0.0
48,0.0,0.0,0.0,0.0,-49.9999750000125,-99.99990000010001,0.0,66.66664444445185
49,0.0,0.0,0.0,0.0,0.0,0.0,0.0,0.0
50,0.0,0.0,0.0,0.0,0.0,0.0,0.0,0.0
51,0.0,0.0,0.0,0.0,0.0,0.0,0.0,0.0
52,0.0,0.0,0.0,0.0,0.0,100000000.0,0.0,-9.9999990000001
53,0.0,0.0,0.0,0.0,0.0,0.0,99.99990000010001,-11.111109876543349
54,0.0,0.0,0.0,0.0,0.0,0.0,0.0,0.0
55,0.0,0.0,0.0,0.0,0.0,0.0,0.0,0.0
56,0.0,-99.99990000010001,0.0,0.0,100000000.0,0.0,0.0,0.0
57,0.0,0.0,0.0,0.0,0.0,0.0,0.0,0.0
58,0.0,0.0,0.0,0.0,-49.9999750000125,0.0,100000000.0,0.0
59,0.0,0.0,-99.99990000010001,0.0,0.0,0.0,0.0,14.28571224489825
60,0.0,99.99990000010001,0.0,0.0,-24.99999375000156,-49.9999750000125,0.0,100000000.0
61,0.0,0.0,0.0,0.0,0.0,0.0,0.0,0.0
62,0.0,0.0,0.0,0.0,-99.99990000010001,0.0,99.99990000010001,0.0
63,0.0,0.0,0.0,0.0,0.0,0.0,0.0,0.0
64,0.0,0.0,-99.99990000010001,-99.99990000010001,0.0,0.0,-33.333322222225924,99.99996666667778
65,0.0,0.0,0.0,100000000.0,0.0,0.0,0.0,-19.9999960000008
66,0.0,0.0,0.0,0.0,0.0,0.0,0.0,0.0
67,0.0,0.0,0.0,0.0,0.0,0.0,0.0,0.0
68,0.0,0.0,0.0,0.0,0.0,0.0,0.0,0.0
69,0.0,0.0,0.0,0.0,0.0,0.0,200000000.0,-22.222219753086698
70,0.0,0.0,0.0,0.0,-49.9999750000125,-99.99990000010001,33.333322222225924,33.333322222225924
71,0.0,0.0,0.0,0.0,0.0,199.99980000020003,-99.99996666667778,19.9999960000008
72,0.0,0.0,0.0,0.0,0.0,-49.9999750000125,33.333322222225924,0.0
73,0.0,0.0,-99.99990000010001,100000000.0,0.0,199.99980000020003,-33.333322222225924,-19.9999960000008
74,0.0,0.0,0.0,0.0,0.0,0.0,0.0,0.0
75,0.0,0.0,0.0,0.0,0.0,0.0,100000000.0,-9.9999990000001
76,0.0,0.0,0.0,0.0,0.0,-49.9999750000125,99.99990000010001,0.0
77,0.0,0.0,0.0,0.0,-49.9999750000125,-33.333322222225924,0.0,99.999950000025
78,0.0,0.0,0.0,0.0,0.0,100000000.0,0.0,-9.9999990000001
79,0.0,0.0,0.0,0.0,0.0,0.0,0.0,0.0
80,0.0,-99.99990000010001,-99.99990000010001,0.0,-49.9999750000125,100000000.0,0.0,33.333327777778706
81,0.0,0.0,0.0,0.0,0.0,0.0,0.0,0.0
82,0.0,0.0,0.0,0.0,100000000.0,0.0,49.9999750000125,-33.333327777778706
83,0.0,0.0,0.0,0.0,-99.999950000025,0.0,0.0,28.5714244897965
84,0.0,0.0,0.0,0.0,0.0,0.0,0.0,0.0
85,0.0,0.0,0.0,0.0,100000000.0,0.0,0.0,-14.28571224489825
86,0.0,0.0,0.0,0.0,0.0,0.0,0.0,0.0
87,0.0,100000000.0,0.0,0.0,-99.99990000010001,0.0,-33.333322222225924,33.333322222225924
88,0.0,0.0,0.0,0.0,0.0,0.0,0.0,0.0
89,0.0,0.0,0.0,0.0,0.0,0.0,100000000.0,-11.111109876543349
90,0.0,0.0,100000000.0,99.99990000010001,-49.9999750000125,-99.99990000010001,99.99990000010001,-24.99999375000156
91,0.0,0.0,0.0,0.0,0.0,-99.99990000010001,0.0,49.9999750000125
92,0.0,0.0,0.0,0.0,0.0,-99.99990000010001,-49.9999750000125,28.5714244897965
93,0.0,0.0,0.0,0.0,0.0,0.0,0.0,0.0
94,0.0,0.0,0.0,-99.99990000010001,99.99990000010001,0.0,0.0,0.0
95,0.0,0.0,0.0,49.9999750000125,0.0,0.0,-49.9999750000125,0.0
96,0.0,0.0,0.0,0.0,199.99980000020003,0.0,0.0,-49.99998750000312
97,0.0,0.0,0.0,100000000.0,0.0,-99.999950000025,-24.99999375000156,99.999950000025
98,0.0,0.0,0.0,0.0,0.0,149.99992500003748,-24.99999375000156,-66.66664444445185
99,0.0,0.0,0.0,0.0,0.0,0.0,0.0,0.0
100,0.0,0.0,0.0,0.0,0.0,0.0,0.0,0.0
101,0.0,0.0,0.0,0.0,0.0,0.0,0.0,0.0
102,0.0,-99.99990000010001,0.0,0.0,-99.99990000010001,0.0,0.0,49.99998750000312
103,0.0,0.0,0.0,0.0,0.0,0.0,-33.333322222225924,14.28571224489825
104,0.0,0.0,0.0,0.0,0.0,0.0,0.0,0.0
105,0.0,0.0,0.0,0.0,0.0,0.0,0.0,0.0
106,0.0,0.0,0.0,0.0,0.0,0.0,49.9999750000125,-14.28571224489825
107,0.0,0.0,0.0,0.0,0.0,0.0,0.0,0.0
108,0.0,0.0,0.0,0.0,0.0,0.0,0.0,0.0
109,0.0,0.0,0.0,0.0,0.0,0.0,-33.333322222225924,14.28571224489825
110,0.0,0.0,0.0,0.0,0.0,0.0,0.0,0.0
111,0.0,0.0,0.0,0.0,0.0,0.0,0.0,0.0
112,0.0,0.0,0.0,0.0,0.0,0.0,0.0,0.0
113,0.0,0.0,0.0,0.0,0.0,0.0,0.0,0.0
114,0.0,0.0,0.0,0.0,0.0,-33.333322222225924,33.333322222225924,0.0
115,0.0,0.0,0.0,0.0,0.0,0.0,-49.9999750000125,16.666663888889353
116,0.0,0.0,0.0,0.0,0.0,100000000.0,-99.99990000010001,0.0
117,0.0,0.0,0.0,0.0,0.0,0.0,99.99990000010001,-12.499998437500198
118,0.0,0.0,0.0,0.0,0.0,-33.333322222225924,49.9999750000125,0.0
119,0.0,0.0,0.0,0.0,0.0,0.0,0.0,0.0
120,0.0,0.0,0.0,0.0,0.0,0.0,0.0,0.0
121,0.0,0.0,0.0,0.0,0.0,-99.99990000010001,0.0,12.499998437500198
122,0.0,0.0,0.0,0.0,0.0,-49.9999750000125,49.9999750000125,0.0
123,0.0,0.0,0.0,-99.99990000010001,0.0,-49.9999750000125,0.0,66.66664444445185
124,0.0,0.0,0.0,0.0,0.0,0.0,-19.9999960000008,24.99999375000156
125,0.0,0.0,0.0,-33.333322222225924,99.99990000010001,0.0,0.0,0.0
126,0.0,0.0,0.0,0.0,0.0,0.0,0.0,0.0
127,0.0,0.0,0.0,0.0,0.0,0.0,99.99990000010001,-14.28571224489825
128,0.0,0.0,0.0,0.0,0.0,100000000.0,-99.999950000025,16.666663888889353
129,0.0,0.0,0.0,0.0,0.0,0.0,0.0,0.0
130,0.0,0.0,0.0,0.0,0.0,100000000.0,0.0,-11.111109876543349
131,0.0,0.0,0.0,0.0,0.0,0.0,0.0,0.0
132,0.0,0.0,0.0,0.0,0.0,0.0,0.0,0.0
133,0.0,0.0,0.0,0.0,0.0,0.0,0.0,0.0
134,0.0,0.0,0.0,0.0,0.0,0.0,0.0,0.0
135,0.0,0.0,0.0,0.0,0.0,0.0,199.99980000020003,-22.222219753086698
136,0.0,0.0,0.0,0.0,0.0,0.0,0.0,0.0
137,0.0,0.0,0.0,0.0,0.0,100000000.0,0.0,-11.111109876543349
138,0.0,0.0,100000000.0,0.0,-99.99990000010001,-49.9999750000125,-49.9999750000125,49.99998750000312
139,0.0,0.0,0.0,0.0,0.0,0.0,0.0,0.0
140,0.0,0.0,0.0,0.0,0.0,0.0,0.0,0.0
141,0.0,0.0,0.0,0.0,0.0,0.0,0.0,0.0
142,0.0,0.0,0.0,0.0,0.0,0.0,0.0,0.0
143,0.0,0.0,0.0,0.0,0.0,0.0,0.0,0.0
144,0.0,0.0,0.0,0.0,0.0,0.0,-49.9999750000125,16.666663888889353
145,0.0,0.0,0.0,0.0,-49.9999750000125,-99.99990000010001,-99.99990000010001,49.99999166666805
146,0.0,0.0,0.0,0.0,0.0,0.0,0.0,0.0
147,0.0,0.0,0.0,0.0,0.0,0.0,0.0,0.0
148,0.0,0.0,0.0,0.0,0.0,33.333322222225924,33.333322222225924,-49.99998750000312
149,0.0,0.0,0.0,0.0,0.0,0.0,0.0,0.0
150,0.0,0.0,0.0,0.0,0.0,0.0,0.0,0.0
151,0.0,0.0,0.0,0.0,0.0,0.0,0.0,0.0
152,0.0,0.0,0.0,0.0,0.0,0.0,0.0,0.0
153,0.0,0.0,0.0,0.0,0.0,0.0,-49.9999750000125,14.28571224489825
154,0.0,0.0,0.0,0.0,0.0,-24.99999375000156,100000000.0,0.0
155,0.0,0.0,0.0,0.0,0.0,0.0,0.0,0.0
156,0.0,0.0,0.0,0.0,-24.99999375000156,199.99980000020003,0.0,-99.99990000010001
157,0.0,0.0,0.0,0.0,0.0,0.0,0.0,0.0
158,0.0,0.0,0.0,0.0,0.0,0.0,49.9999750000125,-16.666663888889353
159,0.0,0.0,0.0,0.0,0.0,0.0,0.0,0.0
160,0.0,0.0,0.0,0.0,0.0,-49.9999750000125,49.9999750000125,0.0
161,0.0,0.0,0.0,0.0,0.0,0.0,0.0,0.0
162,0.0,0.0,0.0,0.0,0.0,0.0,0.0,0.0
163,0.0,0.0,0.0,0.0,0.0,0.0,-49.9999750000125,12.499998437500198
164,0.0,0.0,0.0,0.0,0.0,99.99990000010001,0.0,-11.111109876543349
165,0.0,0.0,0.0,0.0,0.0,0.0,0.0,0.0
166,0.0,0.0,0.0,0.0,0.0,0.0,0.0,0.0
167,0.0,200000000.0,0.0,0.0,0.0,0.0,-33.333322222225924,-24.99999375000156
168,0.0,0.0,0.0,0.0,0.0,0.0,0.0,0.0
169,0.0,100000000.0,-99.99990000010001,0.0,-99.99990000010001,0.0,99.99990000010001,0.0
170,0.0,0.0,0.0,0.0,0.0,0.0,0.0,0.0
171,0.0,0.0,0.0,0.0,0.0,0.0,0.0,0.0
172,0.0,0.0,0.0,49.9999750000125,-33.333322222225924,0.0,0.0,0.0
173,0.0,0.0,0.0,0.0,0.0,0.0,0.0,0.0
174,0.0,0.0,0.0,0.0,0.0,0.0,99.99990000010001,-11.111109876543349
175,0.0,0.0,100000000.0,0.0,-99.99990000010001,100000000.0,-33.333322222225924,0.0
176,0.0,0.0,0.0,0.0,0.0,0.0,0.0,0.0
177,0.0,0.0,0.0,0.0,0.0,0.0,49.9999750000125,-19.9999960000008
178,0.0,0.0,0.0,0.0,0.0,0.0,0.0,0.0
179,0.0,0.0,0.0,0.0,0.0,0.0,0.0,0.0
180,0.0,0.0,0.0,0.0,0.0,0.0,49.9999750000125,-14.28571224489825
181,0.0,0.0,0.0,0.0,0.0,0.0,0.0,0.0
182,0.0,0.0,0.0,0.0,0.0,0.0,99.99990000010001,-16.666663888889353
183,0.0,0.0,0.0,0.0,0.0,0.0,0.0,0.0
184,0.0,0.0,0.0,0.0,0.0,0.0,0.0,0.0
185,0.0,0.0,0.0,0.0,0.0,200000000.0,100000000.0,-29.9999970000003
186,0.0,0.0,0.0,0.0,0.0,-99.99990000010001,0.0,11.111109876543349
187,0.0,0.0,0.0,0.0,0.0,-19.9999960000008,66.66664444445185,-49.9999750000125
188,0.0,-99.99990000010001,0.0,0.0,100000000.0,0.0,0.0,0.0
189,0.0,0.0,0.0,100000000.0,0.0,-33.333322222225924,0.0,0.0
190,0.0,0.0,0.0,0.0,0.0,0.0,0.0,0.0
191,0.0,0.0,0.0,0.0,0.0,0.0,0.0,0.0
192,0.0,0.0,0.0,0.0,0.0,0.0,0.0,0.0
193,0.0,0.0,0.0,0.0,100000000.0,0.0,100000000.0,-22.222219753086698
194,0.0,100000000.0,0.0,-49.9999750000125,0.0,0.0,0.0,0.0
195,0.0,0.0,0.0,0.0,0.0,0.0,0.0,0.0
196,0.0,0.0,0.0,0.0,0.0,0.0,0.0,0.0
197,0.0,0.0,0.0,0.0,0.0,0.0,-49.9999750000125,12.499998437500198
198,0.0,0.0,0.0,0.0,100000000.0,100000000.0,0.0,-28.5714244897965
199,0.0,0.0,0.0,0.0,0.0,0.0,0.0,0.0
200,0.0,0.0,0.0,0.0,-99.99990000010001,0.0,0.0,24.99999375000156
201,0.0,0.0,0.0,0.0,-49.9999750000125,0.0,99.99990000010001,0.0
202,0.0,0.0,0.0,0.0,0.0,-33.333322222225924,66.66664444445185,-33.333322222225924
203,0.0,0.0,0.0,0.0,0.0,0.0,0.0,0.0
204,0.0,0.0,0.0,0.0,0.0,0.0,0.0,0.0
205,0.0,0.0,0.0,0.0,0.0,0.0,0.0,0.0
206,0.0,0.0,0.0,0.0,0.0,0.0,0.0,0.0
207,0.0,0.0,0.0,0.0,0.0,-49.9999750000125,49.9999750000125,0.0
208,0.0,0.0,0.0,0.0,0.0,-24.99999375000156,0.0,33.333322222225924
209,0.0,0.0,0.0,0.0,0.0,0.0,0.0,0.0
210,0.0,0.0,100000000.0,0.0,0.0,0.0,0.0,-24.99999375000156
211,0.0,0.0,0.0,100000000.0,-49.9999750000125,0.0,0.0,0.0
212,0.0,0.0,0.0,0.0,0.0,0.0,0.0,0.0
213,0.0,0.0,0.0,0.0,0.0,99.99990000010001,33.333322222225924,-33.333327777778706
214,0.0,0.0,0.0,0.0,0.0,0.0,33.333322222225924,-19.9999960000008
215,0.0,0.0,0.0,-99.999950000025,-49.9999750000125,100000000.0,49.9999750000125,24.99999375000156
216,0.0,0.0,0.0,0.0,0.0,0.0,0.0,0.0
217,0.0,0.0,0.0,0.0,0.0,0.0,0.0,0.0
218,0.0,0.0,0.0,0.0,0.0,0.0,0.0,0.0
219,0.0,0.0,0.0,0.0,0.0,49.9999750000125,-49.9999750000125,0.0
220,0.0,0.0,0.0,0.0,0.0,0.0,0.0,0.0
221,0.0,0.0,0.0,0.0,0.0,100000000.0,100000000.0,-19.9999980000002
222,0.0,0.0,0.0,0.0,0.0,0.0,0.0,0.0
223,0.0,0.0,0.0,0.0,0.0,0.0,0.0,0.0
224,0.0,0.0,0.0,0.0,0.0,0.0,0.0,0.0
225,0.0,0.0,-24.99999375000156,199.99980000020003,-99.99990000010001,0.0,99.99990000010001,-49.9999750000125
226,0.0,0.0,0.0,0.0,0.0,-49.9999750000125,0.0,16.666663888889353
227,0.0,0.0,0.0,0.0,0.0,0.0,0.0,0.0
228,0.0,0.0,0.0,0.0,0.0,0.0,99.99990000010001,-11.111109876543349
229,0.0,0.0,0.0,0.0,0.0,0.0,0.0,0.0
230,0.0,0.0,0.0,0.0,100000000.0,0.0,-49.9999750000125,0.0
231,0.0,0.0,0.0,0.0,0.0,0.0,0.0,0.0
232,0.0,0.0,-49.9999750000125,0.0,0.0,0.0,49.9999750000125,0.0
233,0.0,0.0,0.0,100000000.0,0.0,0.0,-66.66664444445185,24.99999375000156
234,0.0,0.0,100000000.0,100000000.0,0.0,-49.9999750000125,0.0,-19.9999960000008
235,0.0,0.0,0.0,-49.9999750000125,100000000.0,0.0,99.999950000025,-49.99998750000312
236,0.0,0.0,0.0,0.0,100000000.0,0.0,0.0,-16.666663888889353
237,0.0,0.0,-49.9999750000125,0.0,-66.66664444445185,99.999950000025,0.0,99.99990000010001
238,0.0,0.0,0.0,0.0,0.0,0.0,0.0,0.0
239,0.0,200000000.0,-99.99990000010001,0.0,100000000.0,0.0,-49.99998750000312,0.0
240,0.0,0.0,0.0,0.0,0.0,0.0,0.0,0.0
241,0.0,0.0,0.0,0.0,0.0,0.0,0.0,0.0
242,0.0,0.0,0.0,0.0,0.0,0.0,0.0,0.0
243,0.0,0.0,0.0,0.0,0.0,0.0,-49.9999750000125,14.28571224489825
244,0.0,0.0,0.0,0.0,-99.99990000010001,0.0,-33.333322222225924,33.333327777778706
245,0.0,0.0,0.0,0.0,0.0,0.0,0.0,0.0
246,0.0,0.0,0.0,0.0,-99.99990000010001,0.0,49.9999750000125,0.0
247,0.0,0.0,0.0,0.0,0.0,0.0,0.0,0.0
248,0.0,0.0,0.0,0.0,0.0,0.0,-24.99999375000156,24.99999375000156
249,0.0,0.0,-49.9999750000125,0.0,0.0,100000000.0,-59.9999880000024,99.99996666667778
250,0.0,0.0,0.0,0.0,0.0,0.0,0.0,0.0
251,0.0,0.0,-99.99990000010001,0.0,0.0,0.0,0.0,16.666663888889353
252,0.0,0.0,0.0,0.0,0.0,0.0,0.0,0.0
253,0.0,0.0,0.0,100000000.0,-99.999950000025,49.9999750000125,24.99999375000156,-49.9999750000125
254,0.0,0.0,0.0,0.0,-99.99990000010001,0.0,24.99999375000156,0.0
255,0.0,0.0,0.0,0.0,0.0,-99.99990000010001,0.0,14.28571224489825
256,0.0,0.0,0.0,0.0,0.0,0.0,0.0,0.0
257,0.0,0.0,0.0,0.0,0.0,0.0,0.0,0.0
258,0.0,0.0,0.0,0.0,0.0,0.0,0.0,0.0
259,0.0,0.0,0.0,0.0,0.0,0.0,0.0,0.0
260,0.0,0.0,0.0,0.0,0.0,0.0,0.0,0.0
261,0.0,0.0,0.0,0.0,0.0,0.0,0.0,0.0
262,0.0,0.0,0.0,-99.99990000010001,100000000.0,99.99990000010001,0.0,-19.9999960000008
263,0.0,0.0,-99.99990000010001,99.99990000010001,0.0,-49.9999750000125,33.333322222225924,0.0
264,0.0,0.0,0.0,0.0,-99.99990000010001,99.99990000010001,0.0,0.0
265,0.0,0.0,0.0,0.0,0.0,0.0,0.0,0.0
266,0.0,0.0,0.0,0.0,0.0,0.0,0.0,0.0
267,0.0,0.0,0.0,0.0,0.0,0.0,0.0,0.0
268,0.0,-99.99990000010001,0.0,0.0,0.0,0.0,0.0,14.28571224489825
269,0.0,0.0,0.0,0.0,0.0,0.0,0.0,0.0
270,0.0,0.0,0.0,100000000.0,-99.99990000010001,0.0,0.0,0.0
271,0.0,0.0,0.0,0.0,100000000.0,0.0,0.0,-14.28571224489825
272,0.0,0.0,0.0,100000000.0,-99.999950000025,199.99980000020003,-33.333322222225924,0.0
273,0.0,0.0,0.0,0.0,0.0,0.0,0.0,0.0
274,0.0,0.0,0.0,0.0,0.0,0.0,0.0,0.0
275,0.0,0.0,0.0,0.0,0.0,0.0,66.66664444445185,-49.99998750000312
276,0.0,-99.99990000010001,0.0,-99.99990000010001,100000000.0,0.0,100000000.0,0.0
277,0.0,0.0,0.0,0.0,0.0,0.0,0.0,0.0
278,0.0,0.0,-99.99990000010001,0.0,0.0,0.0,0.0,11.111109876543349
279,0.0,0.0,0.0,0.0,-49.9999750000125,0.0,99.99990000010001,0.0
280,0.0,0.0,-99.99990000010001,0.0,0.0,100000000.0,0.0,0.0
281,0.0,0.0,0.0,0.0,0.0,0.0,0.0,0.0
282,0.0,0.0,0.0,0.0,0.0,0.0,0.0,0.0
283,0.0,0.0,0.0,0.0,0.0,-49.9999750000125,33.333322222225924,0.0
284,0.0,0.0,0.0,0.0,0.0,0.0,0.0,0.0
285,0.0,0.0,0.0,0.0,-99.99990000010001,0.0,100000000.0,0.0
286,0.0,0.0,0.0,100000000.0,100000000.0,0.0,0.0,-24.999996875000395
287,0.0,0.0,0.0,0.0,0.0,0.0,0.0,0.0
288,0.0,0.0,0.0,0.0,0.0,0.0,33.333322222225924,-33.333322222225924
289,0.0,0.0,0.0,0.0,0.0,0.0,0.0,0.0
290,0.0,0.0,0.0,0.0,-49.9999750000125,0.0,33.333322222225924,0.0
291,0.0,0.0,0.0,-99.99990000010001,0.0,0.0,100000000.0,0.0
292,0.0,0.0,-99.999950000025,99.99990000010001,0.0,0.0,0.0,24.99999375000156
293,0.0,0.0,0.0,99.99990000010001,0.0,0.0,0.0,-19.9999960000008
294,0.0,0.0,0.0,0.0,0.0,100000000.0,0.0,-9.9999990000001
295,0.0,0.0,0.0,0.0,0.0,99.99990000010001,-49.9999750000125,0.0
296,0.0,-99.99990000010001,0.0,100000000.0,0.0,-49.9999750000125,-24.99999375000156,199.99980000020003
297,0.0,0.0,-99.99990000010001,0.0,0.0,0.0,-49.9999750000125,33.333327777778706
298,0.0,0.0,0.0,0.0,0.0,0.0,-24.99999375000156,49.9999750000125
299,0.0,0.0,100000000.0,0.0,-99.999950000025,0.0,100000000.0,0.0
300,0.0,0.0,0.0,0.0,0.0,0.0,0.0,0.0
301,0.0,0.0,0.0,0.0,0.0,99.99990000010001,-66.66664444445185,19.9999960000008
302,0.0,0.0,0.0,0.0,0.0,0.0,0.0,0.0
303,0.0,0.0,-99.99990000010001,0.0,-99.99990000010001,100000000.0,0.0,12.499998437500198
304,0.0,0.0,0.0,0.0,0.0,0.0,0.0,0.0
305,0.0,0.0,0.0,0.0,0.0,0.0,0.0,0.0
306,0.0,0.0,0.0,0.0,0.0,0.0,0.0,0.0
307,0.0,0.0,0.0,0.0,0.0,-33.333322222225924,49.9999750000125,0.0
308,0.0,-49.9999750000125,-99.99990000010001,99.99990000010001,0.0,0.0,33.333322222225924,0.0
309,0.0,0.0,0.0,0.0,0.0,0.0,0.0,0.0
310,0.0,0.0,0.0,0.0,0.0,0.0,-99.99990000010001,12.499998437500198
311,0.0,0.0,0.0,0.0,-99.999950000025,0.0,0.0,49.99998750000312
312,0.0,99.99990000010001,0.0,0.0,0.0,0.0,0.0,-24.99999375000156
313,0.0,0.0,0.0,-49.99998750000312,0.0,99.99990000010001,33.333322222225924,0.0
314,0.0,0.0,0.0,0.0,0.0,0.0,0.0,0.0
315,0.0,0.0,0.0,0.0,100000000.0,0.0,-66.66664444445185,24.99999375000156
316,0.0,0.0,-49.9999750000125,0.0,0.0,-99.99990000010001,0.0,49.99998750000312
317,0.0,0.0,0.0,0.0,0.0,0.0,0.0,0.0
318,0.0,0.0,0.0,0.0,-99.99990000010001,-49.9999750000125,99.99990000010001,16.666663888889353
319,0.0,0.0,0.0,0.0,0.0,0.0,0.0,0.0
320,0.0,0.0,0.0,0.0,0.0,0.0,0.0,0.0
321,0.0,99.99990000010001,0.0,-49.9999750000125,0.0,100000000.0,-33.333322222225924,0.0
322,0.0,0.0,0.0,0.0,-33.333322222225924,0.0,0.0,99.99990000010001
323,0.0,0.0,0.0,-99.99990000010001,0.0,200000000.0,-49.9999750000125,0.0
324,0.0,0.0,0.0,0.0,0.0,0.0,0.0,0.0
325,0.0,100000000.0,-99.99990000010001,0.0,0.0,0.0,-33.333322222225924,49.9999750000125
326,0.0,0.0,0.0,0.0,0.0,0.0,-39.9999920000016,200000000.0
327,0.0,0.0,0.0,0.0,0.0,0.0,0.0,0.0
328,0.0,0.0,0.0,-99.99990000010001,100000000.0,-99.99990000010001,0.0,19.9999960000008
329,0.0,0.0,-99.99990000010001,0.0,0.0,-99.99990000010001,0.0,33.333327777778706
330,0.0,0.0,0.0,0.0,100000000.0,-99.99990000010001,200000000.0,-28.5714244897965
331,0.0,0.0,0.0,0.0,0.0,0.0,-99.99990000010001,12.499998437500198
332,0.0,0.0,0.0,-99.99990000010001,0.0,0.0,0.0,24.99999375000156
333,0.0,0.0,0.0,0.0,100000000.0,0.0,-33.333322222225924,0.0
334,0.0,0.0,0.0,0.0,100000000.0,-49.9999750000125,49.9999750000125,-19.9999960000008
335,0.0,0.0,0.0,0.0,0.0,0.0,0.0,0.0
336,0.0,0.0,0.0,0.0,0.0,99.99990000010001,0.0,-12.499998437500198
337,0.0,0.0,0.0,0.0,0.0,0.0,-99.99990000010001,12.499998437500198
338,0.0,-99.99990000010001,0.0,0.0,0.0,-99.99990000010001,199.99980000020003,0.0
339,0.0,0.0,0.0,0.0,0.0,-99.99990000010001,33.333322222225924,0.0
340,0.0,0.0,-49.9999750000125,100000000.0,0.0,0.0,0.0,0.0
341,0.0,0.0,0.0,0.0,0.0,0.0,0.0,0.0
342,0.0,0.0,0.0,100000000.0,100000000.0,0.0,-99.99990000010001,-14.28571224489825
343,0.0,0.0,0.0,0.0,100000000.0,99.99990000010001,-99.999950000025,0.0
344,0.0,0.0,100000000.0,0.0,0.0,0.0,-99.999950000025,14.28571224489825
345,0.0,0.0,0.0,-99.99990000010001,0.0,0.0,0.0,12.499998437500198
346,0.0,0.0,0.0,-99.99990000010001,0.0,100000000.0,100000000.0,-12.499998437500198
347,0.0,0.0,0.0,0.0,0.0,0.0,0.0,0.0
348,0.0,0.0,0.0,0.0,0.0,0.0,0.0,0.0
349,0.0,0.0,0.0,0.0,0.0,0.0,0.0,0.0
350,0.0,0.0,0.0,0.0,0.0,-49.9999750000125,100000000.0,0.0
351,0.0,0.0,0.0,0.0,0.0,0.0,0.0,0.0
352,0.0,0.0,0.0,0.0,0.0,-66.66664444445185,99.999950000025,0.0
353,0.0,0.0,0.0,0.0,0.0,0.0,0.0,0.0
354,0.0,0.0,0.0,0.0,99.99990000010001,0.0,99.999950000025,-59.9999880000024
355,0.0,0.0,0.0,0.0,0.0,0.0,0.0,0.0
356,0.0,0.0,0.0,0.0,0.0,0.0,0.0,0.0
357,0.0,0.0,0.0,0.0,0.0,0.0,0.0,0.0
358,0.0,-99.99990000010001,0.0,0.0,0.0,200000000.0,0.0,-19.9999960000008
359,0.0,0.0,0.0,0.0,0.0,0.0,0.0,0.0
360,0.0,0.0,-99.99990000010001,0.0,99.99990000010001,0.0,0.0,0.0
361,0.0,0.0,0.0,0.0,0.0,0.0,0.0,0.0
362,0.0,0.0,0.0,0.0,0.0,0.0,0.0,0.0
363,0.0,0.0,0.0,0.0,100000000.0,0.0,-33.333322222225924,0.0
364,0.0,0.0,0.0,0.0,0.0,0.0,0.0,0.0
365,0.0,0.0,0.0,0.0,0.0,-99.99990000010001,0.0,11.111109876543349
366,0.0,0.0,0.0,-99.99990000010001,0.0,-33.333322222225924,100000000.0,16.666663888889353
367,0.0,0.0,0.0,0.0,0.0,0.0,-99.99990000010001,19.9999960000008
368,0.0,0.0,0.0,0.0,0.0,0.0,0.0,0.0
369,0.0,0.0,0.0,0.0,0.0,0.0,-24.99999375000156,16.666663888889353
370,0.0,0.0,0.0,-49.9999750000125,199.99980000020003,-49.9999750000125,0.0,0.0
371,0.0,0.0,0.0,0.0,0.0,49.9999750000125,-24.99999375000156,0.0
372,-99.99990000010001,0.0,0.0,0.0,0.0,0.0,0.0,11.111109876543349
373,0.0,0.0,-49.9999750000125,0.0,0.0,0.0,0.0,19.9999960000008
374,0.0,0.0,0.0,0.0,100000000.0,0.0,0.0,-14.28571224489825
375,0.0,0.0,0.0,-99.99990000010001,0.0,-99.99990000010001,-49.9999750000125,49.99999166666805
376,0.0,0.0,0.0,0.0,100000000.0,-33.333322222225924,-99.99990000010001,16.666663888889353
377,0.0,0.0,0.0,0.0,0.0,99.99990000010001,0.0,-12.499998437500198
378,0.0,0.0,0.0,0.0,0.0,-99.99990000010001,0.0,16.666663888889353
379,0.0,0.0,0.0,-99.99990000010001,99.99990000010001,99.99990000010001,99.999950000025,-59.9999880000024
380,0.0,0.0,0.0,0.0,0.0,0.0,99.999950000025,-33.333327777778706
381,0.0,0.0,0.0,0.0,99.99990000010001,0.0,-33.333322222225924,0.0
382,0.0,-99.99990000010001,0.0,0.0,199.99980000020003,0.0,-99.999950000025,33.333322222225924
383,0.0,0.0,0.0,-49.9999750000125,0.0,99.99990000010001,0.0,0.0
384,0.0,0.0,0.0,0.0,0.0,0.0,0.0,0.0
385,0.0,100000000.0,-99.999950000025,-49.9999750000125,200000000.0,49.9999750000125,-99.999950000025,49.9999750000125
386,0.0,0.0,0.0,0.0,0.0,0.0,0.0,0.0
387,0.0,0.0,0.0,-99.99990000010001,-49.9999750000125,0.0,0.0,39.9999920000016
388,0.0,0.0,0.0,0.0,0.0,-49.9999750000125,-99.99990000010001,28.5714244897965
389,0.0,200000000.0,0.0,-49.99998750000312,0.0,0.0,100000000.0,-24.99999375000156
390,0.0,0.0,0.0,0.0,0.0,-49.9999750000125,0.0,12.499998437500198
391,0.0,0.0,-99.99990000010001,0.0,33.333322222225924,99.99990000010001,99.99990000010001,-49.99998750000312
392,0.0,0.0,-49.9999750000125,99.99990000010001,-99.99990000010001,0.0,0.0,19.9999960000008
393,0.0,0.0,0.0,0.0,100000000.0,0.0,0.0,-12.499998437500198
394,0.0,0.0,0.0,0.0,0.0,0.0,99.99990000010001,-12.499998437500198
395,0.0,0.0,0.0,0.0,0.0,0.0,100000000.0,-12.499998437500198
396,0.0,0.0,0.0,0.0,0.0,0.0,0.0,0.0
397,0.0,0.0,0.0,99.99990000010001,0.0,-24.99999375000156,99.99990000010001,-33.333322222225924
398,0.0,0.0,100000000.0,0.0,0.0,0.0,0.0,-33.333322222225924
399,0.0,-99.99990000010001,0.0,0.0,100000000.0,0.0,0.0,0.0
400,0.0,0.0,0.0,0.0,0.0,0.0,0.0,0.0
401,0.0,100000000.0,0.0,99.99990000010001,0.0,0.0,99.999950000025,-57.142848979593
402,0.0,0.0,0.0,0.0,0.0,0.0,0.0,0.0
403,0.0,0.0,0.0,0.0,0.0,0.0,0.0,0.0
404,0.0,0.0,0.0,0.0,0.0,0.0,0.0,0.0
405,0.0,0.0,0.0,49.9999750000125,99.99990000010001,0.0,100000000.0,-49.99999166666805
406,0.0,100000000.0,0.0,-49.9999750000125,0.0,0.0,49.9999750000125,-24.99999375000156
407,0.0,99.99990000010001,0.0,0.0,-49.9999750000125,0.0,0.0,0.0
408,0.0,0.0,0.0,0.0,0.0,0.0,0.0,0.0
409,0.0,0.0,-49.9999750000125,100000000.0,0.0,0.0,99.99990000010001,-24.99999375000156
410,0.0,0.0,0.0,0.0,0.0,0.0,0.0,0.0
411,0.0,0.0,0.0,0.0,0.0,0.0,33.333322222225924,-14.28571224489825
412,0.0,0.0,0.0,0.0,-99.99990000010001,0.0,0.0,16.666663888889353
413,0.0,0.0,0.0,0.0,0.0,0.0,0.0,0.0
414,0.0,0.0,0.0,0.0,0.0,0.0,0.0,0.0
415,0.0,0.0,0.0,0.0,-49.9999750000125,0.0,100000000.0,0.0
416,0.0,0.0,100000000.0,0.0,-33.333322222225924,0.0,0.0,0.0
417,0.0,0.0,0.0,0.0,0.0,0.0,-49.9999750000125,14.28571224489825
418,0.0,0.0,0.0,0.0,0.0,0.0,0.0,0.0
419,0.0,0.0,100000000.0,0.0,-99.99990000010001,0.0,-33.333322222225924,19.9999960000008
420,0.0,0.0,0.0,0.0,0.0,100000000.0,0.0,-11.111109876543349
421,0.0,0.0,0.0,-99.99990000010001,100000000.0,0.0,99.999950000025,-39.9999920000016
422,0.0,0.0,0.0,-99.99990000010001,0.0,0.0,0.0,14.28571224489825
423,0.0,0.0,0.0,0.0,0.0,0.0,0.0,0.0
424,0.0,0.0,0.0,0.0,0.0,0.0,0.0,0.0
425,0.0,0.0,0.0,0.0,0.0,-99.99990000010001,49.9999750000125,0.0
426,0.0,0.0,300000000.0,-24.99999375000156,-49.9999750000125,-99.99990000010001,0.0,0.0
427,0.0,0.0,0.0,0.0,0.0,0.0,0.0,0.0
428,0.0,0.0,0.0,0.0,0.0,0.0,0.0,0.0
429,0.0,0.0,-99.99990000010001,0.0,-99.999950000025,99.99990000010001,-33.333322222225924,99.99996666667778
430,0.0,0.0,0.0,0.0,0.0,100000000.0,0.0,-9.9999990000001
431,0.0,0.0,0.0,0.0,0.0,0.0,0.0,0.0
432,0.0,0.0,0.0,0.0,0.0,0.0,0.0,0.0
433,0.0,0.0,0.0,0.0,0.0,0.0,0.0,0.0
434,0.0,0.0,0.0,0.0,0.0,0.0,0.0,0.0
435,0.0,0.0,0.0,100000000.0,0.0,0.0,-33.333322222225924,0.0
436,0.0,0.0,0.0,0.0,-99.99990000010001,0.0,-19.9999960000008,66.66664444445185
437,0.0,0.0,0.0,0.0,99.99990000010001,100000000.0,0.0,-49.99998750000312
438,0.0,0.0,0.0,0.0,0.0,0.0,0.0,0.0
439,0.0,0.0,0.0,0.0,0.0,100000000.0,0.0,-9.9999990000001
440,0.0,0.0,0.0,0.0,0.0,0.0,-49.9999750000125,12.499998437500198
441,0.0,0.0,0.0,0.0,0.0,99.99990000010001,0.0,-11.111109876543349
442,0.0,0.0,0.0,0.0,0.0,0.0,99.99990000010001,-14.28571224489825
443,0.0,0.0,0.0,0.0,0.0,0.0,0.0,0.0
444,0.0,0.0,0.0,0.0,0.0,0.0,0.0,0.0
445,0.0,0.0,0.0,0.0,0.0,0.0,99.99990000010001,-12.499998437500198
446,0.0,0.0,0.0,0.0,0.0,0.0,0.0,0.0
447,0.0,0.0,0.0,0.0,0.0,-49.9999750000125,0.0,24.99999375000156
448,0.0,0.0,0.0,0.0,0.0,0.0,0.0,0.0
449,0.0,0.0,0.0,0.0,0.0,0.0,49.9999750000125,-12.499998437500198
450,0.0,0.0,0.0,-49.9999750000125,0.0,99.99990000010001,0.0,0.0
451,0.0,0.0,0.0,0.0,0.0,0.0,0.0,0.0
452,0.0,0.0,0.0,99.99990000010001,0.0,0.0,0.0,-19.9999960000008
453,0.0,0.0,0.0,0.0,0.0,0.0,33.333322222225924,-14.28571224489825
454,0.0,0.0,0.0,0.0,0.0,0.0,0.0,0.0
455,0.0,0.0,0.0,0.0,0.0,0.0,99.999950000025,-28.5714244897965
456,0.0,0.0,0.0,0.0,-99.99990000010001,-99.99996666667778,299.99970000030004,24.99999375000156
457,0.0,0.0,100000000.0,0.0,-99.99990000010001,100000000.0,-24.99999375000156,0.0
458,0.0,0.0,200000000.0,100000000.0,0.0,0.0,-99.99990000010001,-24.999996875000395
459,0.0,0.0,0.0,0.0,0.0,0.0,0.0,0.0
460,0.0,0.0,0.0,0.0,0.0,0.0,0.0,0.0
461,0.0,0.0,0.0,0.0,0.0,0.0,0.0,0.0
462,0.0,0.0,0.0,0.0,0.0,0.0,-99.99990000010001,11.111109876543349
463,0.0,0.0,0.0,0.0,0.0,0.0,0.0,0.0
464,0.0,0.0,0.0,0.0,0.0,0.0,0.0,0.0
465,0.0,0.0,0.0,0.0,-49.9999750000125,200000000.0,0.0,-24.99999375000156
466,0.0,0.0,0.0,0.0,0.0,0.0,0.0,0.0
467,0.0,0.0,0.0,-99.99990000010001,0.0,0.0,0.0,12.499998437500198
468,0.0,0.0,0.0,0.0,0.0,-49.9999750000125,0.0,16.666663888889353
469,0.0,0.0,99.999950000025,24.99999375000156,-99.99996666667778,0.0,0.0,0.0
470,0.0,0.0,0.0,0.0,0.0,0.0,0.0,0.0
471,0.0,0.0,0.0,0.0,0.0,0.0,99.99990000010001,-24.99999375000156
472,0.0,0.0,0.0,0.0,0.0,0.0,99.999950000025,-33.333327777778706
473,0.0,0.0,0.0,0.0,0.0,0.0,0.0,0.0
474,0.0,0.0,0.0,0.0,0.0,0.0,0.0,0.0
475,0.0,0.0,0.0,0.0,0.0,0.0,0.0,0.0
476,0.0,0.0,0.0,0.0,0.0,-33.333322222225924,99.99990000010001,0.0
477,0.0,0.0,0.0,0.0,0.0,0.0,0.0,0.0
478,0.0,0.0,0.0,0.0,0.0,0.0,-49.9999750000125,14.28571224489825
479,0.0,0.0,0.0,-99.99990000010001,0.0,0.0,0.0,14.28571224489825
480,0.0,0.0,0.0,0.0,0.0,0.0,0.0,0.0
481,0.0,0.0,0.0,99.99990000010001,0.0,-33.333322222225924,0.0,0.0
482,0.0,0.0,0.0,0.0,0.0,0.0,0.0,0.0
483,0.0,0.0,0.0,0.0,-49.9999750000125,0.0,199.99980000020003,-16.666663888889353
484,0.0,0.0,0.0,0.0,0.0,100000000.0,0.0,-12.499998437500198
485,0.0,0.0,0.0,0.0,0.0,0.0,0.0,0.0
486,0.0,0.0,0.0,0.0,0.0,0.0,0.0,0.0
487,0.0,0.0,0.0,0.0,0.0,0.0,0.0,0.0
488,0.0,0.0,0.0,0.0,0.0,0.0,-19.9999960000008,33.333322222225924
489,0.0,0.0,0.0,0.0,0.0,0.0,0.0,0.0
490,0.0,0.0,0.0,0.0,0.0,0.0,0.0,0.0
491,0.0,0.0,0.0,0.0,0.0,0.0,0.0,0.0
492,0.0,0.0,0.0,0.0,200000000.0,199.99980000020003,99.99990000010001,-62.499992187500986
493,0.0,0.0,0.0,0.0,0.0,0.0,0.0,0.0
494,0.0,0.0,0.0,0.0,-99.999950000025,0.0,0.0,39.9999920000016
495,0.0,0.0,0.0,0.0,0.0,0.0,0.0,0.0
496,0.0,0.0,-99.99990000010001,0.0,0.0,100000000.0,-24.99999375000156,19.9999960000008
497,0.0,0.0,0.0,0.0,0.0,0.0,0.0,0.0
498,0.0,0.0,0.0,0.0,0.0,0.0,66.66664444445185,-39.9999920000016
499,0.0,0.0,100000000.0,-99.99990000010001,0.0,0.0,0.0,0.0
500,0.0,100000000.0,0.0,0.0,0.0,0.0,0.0,-12.499998437500198
501,0.0,0.0,0.0,0.0,0.0,0.0,0.0,0.0
502,0.0,0.0,0.0,0.0,0.0,0.0,0.0,0.0
503,0.0,100000000.0,-99.99990000010001,0.0,0.0,0.0,-49.9999750000125,19.9999960000008
504,0.0,0.0,0.0,0.0,0.0,0.0,0.0,0.0
505,0.0,99.99990000010001,0.0,0.0,-66.66664444445185,0.0,99.99990000010001,0.0
506,0.0,0.0,0.0,0.0,-66.66664444445185,200000000.0,100000000.0,-33.333322222225924
507,0.0,0.0,0.0,0.0,0.0,0.0,0.0,0.0
508,0.0,0.0,0.0,0.0,-49.9999750000125,0.0,0.0,24.99999375000156
509,0.0,0.0,0.0,0.0,0.0,0.0,-99.99990000010001,12.499998437500198
510,0.0,0.0,0.0,0.0,0.0,0.0,0.0,0.0
511,0.0,0.0,0.0,0.0,0.0,0.0,0.0,0.0
512,0.0,0.0,0.0,0.0,0.0,0.0,33.333322222225924,-16.666663888889353
513,0.0,0.0,0.0,0.0,0.0,0.0,0.0,0.0
514,0.0,0.0,0.0,0.0,0.0,-99.999950000025,0.0,33.333327777778706
515,0.0,0.0,0.0,0.0,0.0,0.0,0.0,0.0
516,0.0,0.0,0.0,0.0,0.0,-49.9999750000125,0.0,49.9999750000125
517,0.0,0.0,0.0,0.0,0.0,100000000.0,0.0,-9.9999990000001
518,0.0,0.0,0.0,0.0,0.0,0.0,0.0,0.0
519,0.0,0.0,0.0,0.0,0.0,0.0,0.0,0.0
520,0.0,0.0,0.0,0.0,0.0,0.0,0.0,0.0
521,0.0,0.0,0.0,0.0,-99.99990000010001,0.0,0.0,16.666663888889353
522,0.0,0.0,0.0,0.0,0.0,33.333322222225924,0.0,-19.9999960000008
523,0.0,0.0,0.0,0.0,0.0,-49.9999750000125,-33.333322222225924,39.9999920000016
524,0.0,100000000.0,0.0,0.0,0.0,100000000.0,0.0,-28.5714244897965
525,0.0,0.0,0.0,0.0,0.0,0.0,0.0,0.0
526,0.0,0.0,0.0,0.0,0.0,-99.99990000010001,0.0,11.111109876543349
527,0.0,0.0,0.0,-49.9999750000125,100000000.0,99.99990000010001,-33.333322222225924,0.0
528,0.0,0.0,-99.99990000010001,0.0,0.0,0.0,-24.99999375000156,66.66664444445185
529,0.0,0.0,0.0,0.0,0.0,0.0,0.0,0.0
530,0.0,0.0,0.0,0.0,0.0,0.0,0.0,0.0
531,0.0,0.0,0.0,0.0,0.0,0.0,0.0,0.0
532,0.0,0.0,-99.99990000010001,100000000.0,0.0,-99.99990000010001,99.99990000010001,0.0
533,0.0,0.0,0.0,100000000.0,0.0,0.0,100000000.0,-24.999996875000395
534,0.0,0.0,0.0,0.0,0.0,0.0,0.0,0.0
535,0.0,0.0,100000000.0,-99.99996666667778,-99.99990000010001,300000000.0,0.0,0.0
536,0.0,0.0,0.0,0.0,0.0,0.0,0.0,0.0
537,0.0,0.0,199.99980000020003,0.0,0.0,0.0,0.0,-39.9999920000016
538,0.0,0.0,0.0,0.0,0.0,0.0,99.999950000025,-39.9999920000016
539,0.0,0.0,0.0,0.0,99.99990000010001,0.0,0.0,-14.28571224489825
540,0.0,0.0,0.0,0.0,0.0,0.0,0.0,0.0
541,0.0,0.0,0.0,0.0,49.9999750000125,-99.99990000010001,0.0,0.0
542,0.0,0.0,100000000.0,0.0,0.0,-99.999950000025,33.333322222225924,0.0
543,0.0,0.0,0.0,-99.99990000010001,0.0,0.0,99.99990000010001,0.0
544,0.0,0.0,0.0,0.0,0.0,0.0,0.0,0.0
545,0.0,0.0,0.0,0.0,-99.999950000025,0.0,0.0,33.333327777778706
546,0.0,0.0,0.0,0.0,0.0,0.0,0.0,0.0
547,0.0,0.0,0.0,0.0,0.0,0.0,0.0,0.0
548,0.0,0.0,0.0,-99.99990000010001,0.0,0.0,0.0,12.499998437500198
549,0.0,0.0,0.0,0.0,0.0,0.0,0.0,0.0
550,0.0,0.0,0.0,0.0,0.0,-99.99990000010001,0.0,11.111109876543349
551,0.0,100000000.0,0.0,0.0,0.0,0.0,0.0,-12.499998437500198
552,0.0,0.0,0.0,0.0,0.0,0.0,0.0,0.0
553,0.0,0.0,0.0,33.333322222225924,99.99990000010001,-66.66664444445185,0.0,0.0
554,0.0,0.0,0.0,0.0,-99.99990000010001,0.0,49.9999750000125,0.0
555,0.0,0.0,0.0,0.0,0.0,0.0,0.0,0.0
556,0.0,100000000.0,0.0,0.0,0.0,-33.333322222225924,-99.99990000010001,33.333322222225924
557,0.0,0.0,0.0,0.0,0.0,0.0,0.0,0.0
558,0.0,0.0,0.0,0.0,0.0,0.0,0.0,0.0
559,0.0,0.0,0.0,-99.99990000010001,0.0,49.9999750000125,-49.9999750000125,24.99999375000156
560,0.0,0.0,0.0,100000000.0,-99.99990000010001,0.0,0.0,0.0
561,0.0,0.0,99.999950000025,0.0,0.0,100000000.0,-39.9999920000016,-49.9999750000125
562,0.0,-99.99990000010001,-99.99990000010001,0.0,99.99990000010001,0.0,0.0,99.99990000010001
563,0.0,0.0,0.0,0.0,0.0,0.0,0.0,0.0
564,0.0,0.0,0.0,0.0,0.0,0.0,0.0,0.0
565,0.0,0.0,0.0,0.0,0.0,0.0,99.99990000010001,-11.111109876543349
566,0.0,0.0,0.0,0.0,0.0,0.0,0.0,0.0
567,0.0,0.0,0.0,33.333322222225924,0.0,0.0,-99.99990000010001,0.0
568,0.0,100000000.0,0.0,0.0,-49.9999750000125,0.0,0.0,0.0
569,0.0,0.0,0.0,0.0,0.0,0.0,0.0,0.0
570,0.0,0.0,0.0,0.0,0.0,0.0,0.0,0.0
571,0.0,100000000.0,0.0,-49.9999750000125,0.0,0.0,-49.9999750000125,99.99990000010001
572,0.0,0.0,0.0,0.0,0.0,0.0,0.0,0.0
573,0.0,0.0,0.0,0.0,0.0,0.0,0.0,0.0
574,0.0,0.0,0.0,0.0,0.0,0.0,0.0,0.0
575,0.0,-99.99990000010001,100000000.0,0.0,0.0,99.99990000010001,0.0,-24.99999375000156
576,0.0,0.0,0.0,0.0,0.0,0.0,0.0,0.0
577,0.0,0.0,0.0,-99.99990000010001,0.0,0.0,-49.9999750000125,33.333327777778706
578,0.0,0.0,0.0,0.0,0.0,0.0,0.0,0.0
579,0.0,0.0,0.0,0.0,100000000.0,-49.9999750000125,-24.99999375000156,33.333322222225924
580,0.0,0.0,0.0,0.0,0.0,0.0,0.0,0.0
581,0.0,0.0,0.0,0.0,0.0,-99.99990000010001,0.0,11.111109876543349
582,0.0,0.0,0.0,0.0,0.0,0.0,0.0,0.0
583,0.0,0.0,0.0,0.0,-99.999950000025,99.99990000010001,0.0,16.666663888889353
584,0.0,0.0,0.0,0.0,0.0,0.0,0.0,0.0
585,0.0,0.0,0.0,0.0,0.0,0.0,99.99990000010001,-16.666663888889353
586,0.0,0.0,0.0,0.0,-99.99990000010001,0.0,0.0,11.111109876543349
587,0.0,0.0,0.0,0.0,0.0,0.0,0.0,0.0
588,0.0,0.0,0.0,0.0,0.0,0.0,0.0,0.0
589,0.0,0.0,0.0,0.0,0.0,0.0,0.0,0.0
590,0.0,0.0,0.0,0.0,0.0,0.0,0.0,0.0
591,0.0,0.0,0.0,0.0,-99.99990000010001,0.0,0.0,24.99999375000156
592,0.0,0.0,0.0,0.0,0.0,0.0,0.0,0.0
593,0.0,-99.99990000010001,0.0,0.0,0.0,99.99990000010001,0.0,0.0
594,0.0,0.0,0.0,0.0,0.0,-99.99990000010001,0.0,12.499998437500198
595,0.0,0.0,0.0,0.0,0.0,0.0,0.0,0.0
596,0.0,0.0,0.0,0.0,0.0,100000000.0,0.0,-11.111109876543349
597,0.0,0.0,0.0,0.0,0.0,0.0,0.0,0.0
598,0.0,0.0,0.0,0.0,0.0,0.0,0.0,0.0
599,0.0,0.0,0.0,0.0,0.0,0.0,0.0,0.0
600,0.0,0.0,0.0,0.0,0.0,0.0,0.0,0.0
601,0.0,0.0,-99.99990000010001,0.0,100000000.0,0.0,0.0,0.0
602,0.0,0.0,0.0,0.0,0.0,0.0,0.0,0.0
603,0.0,0.0,0.0,0.0,0.0,0.0,0.0,0.0
604,0.0,0.0,0.0,0.0,0.0,0.0,-33.333322222225924,33.333322222225924
605,0.0,0.0,0.0,0.0,0.0,0.0,99.99990000010001,-11.111109876543349
606,0.0,0.0,0.0,0.0,0.0,0.0,-49.9999750000125,19.9999960000008
607,0.0,0.0,0.0,0.0,0.0,0.0,-49.9999750000125,12.499998437500198
608,0.0,0.0,0.0,0.0,0.0,0.0,-24.99999375000156,24.99999375000156
609,0.0,0.0,0.0,0.0,0.0,-99.99990000010001,0.0,11.111109876543349
610,0.0,0.0,0.0,0.0,0.0,99.99990000010001,-49.9999750000125,0.0
611,0.0,0.0,0.0,0.0,0.0,0.0,0.0,0.0
612,0.0,0.0,0.0,0.0,0.0,-49.9999750000125,0.0,12.499998437500198
613,0.0,0.0,0.0,0.0,0.0,49.9999750000125,-33.333322222225924,0.0
614,0.0,0.0,0.0,0.0,0.0,0.0,0.0,0.0
615,0.0,0.0,0.0,0.0,0.0,99.99990000010001,24.99999375000156,-49.99998750000312
616,0.0,0.0,0.0,0.0,0.0,0.0,0.0,0.0
617,0.0,0.0,0.0,-24.99999375000156,0.0,0.0,0.0,33.333322222225924
618,0.0,0.0,0.0,0.0,0.0,0.0,100000000.0,-11.111109876543349
619,0.0,0.0,0.0,0.0,0.0,0.0,-33.333322222225924,16.666663888889353
620,0.0,0.0,0.0,0.0,-49.9999750000125,-49.9999750000125,0.0,39.9999920000016
621,0.0,0.0,0.0,0.0,0.0,0.0,-49.9999750000125,14.28571224489825
622,0.0,0.0,0.0,0.0,0.0,0.0,-33.333322222225924,19.9999960000008
623,0.0,-99.99990000010001,0.0,0.0,0.0,0.0,0.0,24.99999375000156
624,0.0,0.0,0.0,0.0,0.0,0.0,0.0,0.0
625,0.0,0.0,0.0,0.0,-66.66664444445185,0.0,33.333322222225924,24.99999375000156
626,0.0,0.0,0.0,0.0,0.0,0.0,0.0,0.0
627,0.0,0.0,0.0,0.0,0.0,0.0,0.0,0.0
628,0.0,0.0,0.0,0.0,0.0,0.0,0.0,0.0
629,0.0,0.0,0.0,0.0,0.0,0.0,0.0,0.0
630,0.0,0.0,0.0,0.0,0.0,0.0,0.0,0.0
631,0.0,0.0,0.0,0.0,0.0,0.0,0.0,0.0
632,0.0,0.0,0.0,0.0,0.0,0.0,0.0,0.0
633,0.0,0.0,0.0,0.0,0.0,0.0,0.0,0.0
634,0.0,0.0,0.0,0.0,0.0,0.0,0.0,0.0
635,0.0,0.0,0.0,0.0,0.0,0.0,0.0,0.0
636,0.0,0.0,0.0,0.0,0.0,-49.9999750000125,0.0,12.499998437500198
637,0.0,0.0,0.0,0.0,0.0,0.0,0.0,0.0
638,0.0,0.0,0.0,0.0,0.0,-99.99990000010001,0.0,14.28571224489825
639,0.0,0.0,0.0,0.0,0.0,0.0,0.0,0.0
640,0.0,0.0,0.0,0.0,0.0,0.0,0.0,0.0
641,0.0,-99.99990000010001,100000000.0,-33.333322222225924,99.99990000010001,0.0,0.0,0.0
642,0.0,0.0,0.0,100000000.0,0.0,0.0,-99.99990000010001,0.0
643,0.0,0.0,-99.99990000010001,0.0,99.99990000010001,-33.333322222225924,0.0,19.9999960000008
644,0.0,0.0,0.0,0.0,0.0,0.0,0.0,0.0
645,0.0,0.0,0.0,0.0,100000000.0,0.0,0.0,-49.9999750000125
646,0.0,0.0,0.0,0.0,0.0,0.0,0.0,0.0
647,0.0,0.0,0.0,-99.99990000010001,0.0,0.0,0.0,14.28571224489825
648,0.0,0.0,100000000.0,0.0,0.0,-99.99990000010001,0.0,0.0
649,0.0,0.0,0.0,0.0,0.0,0.0,0.0,0.0
650,0.0,100000000.0,0.0,0.0,0.0,0.0,-33.333322222225924,0.0
651,0.0,0.0,0.0,0.0,0.0,-99.99990000010001,0.0,11.111109876543349
652,0.0,0.0,0.0,0.0,0.0,0.0,0.0,0.0
653,0.0,0.0,-99.99990000010001,0.0,-99.99990000010001,0.0,0.0,39.9999920000016
654,0.0,0.0,0.0,0.0,0.0,0.0,0.0,0.0
655,0.0,100000000.0,0.0,0.0,100000000.0,0.0,0.0,-49.99998750000312
656,0.0,0.0,0.0,0.0,0.0,0.0,0.0,0.0
657,0.0,0.0,0.0,0.0,0.0,0.0,0.0,0.0
658,0.0,0.0,0.0,0.0,0.0,49.9999750000125,-99.999950000025,16.666663888889353
659,0.0,0.0,-33.333322222225924,-49.9999750000125,0.0,0.0,99.999950000025,0.0
660,0.0,0.0,100000000.0,0.0,0.0,0.0,0.0,-16.666663888889353
661,0.0,0.0,0.0,0.0,100000000.0,0.0,-66.66664444445185,19.9999960000008
662,0.0,0.0,0.0,0.0,0.0,0.0,0.0,0.0
663,0.0,0.0,0.0,0.0,0.0,0.0,0.0,0.0
664,0.0,0.0,0.0,0.0,0.0,0.0,99.99990000010001,-14.28571224489825
665,0.0,0.0,0.0,0.0,0.0,-49.9999750000125,33.333322222225924,0.0
666,0.0,0.0,0.0,100000000.0,99.99990000010001,-49.9999750000125,0.0,-33.333322222225924
667,0.0,0.0,0.0,0.0,0.0,0.0,0.0,0.0
668,0.0,0.0,0.0,0.0,0.0,0.0,0.0,0.0
669,0.0,0.0,0.0,100000000.0,-49.99998750000312,100000000.0,0.0,0.0
670,0.0,-99.99990000010001,0.0,-49.9999750000125,200000000.0,0.0,49.9999750000125,-49.9999750000125
671,0.0,0.0,0.0,0.0,0.0,0.0,0.0,0.0
672,0.0,0.0,0.0,0.0,0.0,0.0,0.0,0.0
673,0.0,0.0,0.0,0.0,0.0,0.0,0.0,0.0
674,0.0,0.0,0.0,0.0,0.0,0.0,0.0,0.0
675,0.0,0.0,0.0,0.0,0.0,-99.99990000010001,0.0,11.111109876543349
676,0.0,0.0,0.0,0.0,-49.9999750000125,0.0,0.0,14.28571224489825
677,0.0,0.0,0.0,0.0,0.0,0.0,0.0,0.0
678,0.0,0.0,0.0,0.0,0.0,0.0,0.0,0.0
679,0.0,0.0,100000000.0,0.0,0.0,0.0,-49.9999750000125,0.0
680,0.0,0.0,0.0,0.0,0.0,0.0,0.0,0.0
681,0.0,0.0,0.0,0.0,0.0,0.0,0.0,0.0
682,0.0,0.0,0.0,0.0,0.0,0.0,-33.333322222225924,16.666663888889353
683,0.0,0.0,0.0,0.0,0.0,0.0,0.0,0.0
684,0.0,0.0,0.0,0.0,0.0,-66.66664444445185,100000000.0,14.28571224489825
685,0.0,0.0,0.0,0.0,0.0,0.0,0.0,0.0
686,0.0,0.0,0.0,-99.99990000010001,49.9999750000125,100000000.0,-19.9999960000008,0.0
687,0.0,0.0,0.0,0.0,0.0,0.0,0.0,0.0
688,0.0,0.0,0.0,0.0,0.0,0.0,0.0,0.0
689,0.0,0.0,0.0,0.0,0.0,0.0,0.0,0.0
690,0.0,0.0,0.0,0.0,0.0,0.0,0.0,0.0
691,0.0,0.0,0.0,0.0,0.0,0.0,-99.99990000010001,19.9999960000008
692,0.0,0.0,0.0,0.0,0.0,99.99990000010001,-33.333322222225924,0.0
693,0.0,0.0,0.0,0.0,-99.99990000010001,-99.99990000010001,49.9999750000125,24.99999375000156
694,0.0,-49.9999750000125,0.0,200000000.0,0.0,0.0,-33.333322222225924,0.0
695,0.0,0.0,0.0,0.0,0.0,0.0,0.0,0.0
696,0.0,0.0,0.0,0.0,0.0,0.0,0.0,0.0
697,0.0,0.0,0.0,0.0,0.0,100000000.0,0.0,-9.9999990000001
698,0.0,0.0,-99.99990000010001,0.0,0.0,0.0,0.0,19.9999960000008
699,0.0,0.0,0.0,0.0,0.0,0.0,0.0,0.0
700,0.0,0.0,0.0,0.0,0.0,0.0,-24.99999375000156,16.666663888889353
701,0.0,0.0,0.0,0.0,0.0,0.0,0.0,0.0
702,0.0,0.0,0.0,0.0,0.0,0.0,0.0,0.0
703,0.0,0.0,0.0,0.0,0.0,0.0,0.0,0.0
704,0.0,0.0,99.99990000010001,-49.9999750000125,0.0,0.0,0.0,0.0
705,0.0,0.0,0.0,0.0,0.0,0.0,99.99990000010001,-14.28571224489825
706,0.0,0.0,0.0,0.0,0.0,0.0,0.0,0.0
707,0.0,-99.99990000010001,0.0,0.0,-99.99990000010001,0.0,49.9999750000125,24.99999375000156
708,0.0,0.0,0.0,0.0,0.0,0.0,0.0,0.0
709,0.0,0.0,0.0,0.0,0.0,0.0,0.0,0.0
710,0.0,0.0,0.0,0.0,0.0,-49.9999750000125,0.0,24.99999375000156
711,0.0,0.0,0.0,0.0,100000000.0,0.0,-24.99999375000156,0.0
712,0.0,0.0,0.0,0.0,0.0,0.0,-19.9999960000008,24.99999375000156
713,0.0,0.0,0.0,0.0,0.0,0.0,0.0,0.0
714,0.0,0.0,0.0,0.0,0.0,0.0,0.0,0.0
715,0.0,0.0,0.0,0.0,0.0,100000000.0,-19.9999960000008,0.0
716,0.0,0.0,100000000.0,0.0,-99.99990000010001,100000000.0,-99.99990000010001,0.0
717,0.0,0.0,0.0,0.0,0.0,-99.99990000010001,0.0,11.111109876543349
718,0.0,0.0,0.0,0.0,0.0,0.0,0.0,0.0
719,0.0,0.0,-99.99990000010001,0.0,0.0,0.0,0.0,19.9999960000008
720,0.0,0.0,0.0,0.0,0.0,0.0,0.0,0.0
721,0.0,0.0,0.0,0.0,-49.9999750000125,0.0,99.99990000010001,0.0
722,0.0,0.0,0.0,0.0,0.0,0.0,0.0,0.0
723,0.0,0.0,0.0,0.0,99.99990000010001,0.0,-33.333322222225924,0.0
724,0.0,0.0,0.0,0.0,0.0,0.0,0.0,0.0
725,0.0,0.0,0.0,0.0,0.0,0.0,0.0,0.0
726,0.0,0.0,0.0,0.0,0.0,0.0,0.0,0.0
727,0.0,0.0,0.0,0.0,0.0,0.0,-66.66664444445185,33.333327777778706
728,0.0,0.0,0.0,0.0,0.0,0.0,0.0,0.0
729,0.0,0.0,0.0,0.0,0.0,0.0,0.0,0.0
730,0.0,0.0,0.0,0.0,0.0,0.0,0.0,0.0
731,0.0,0.0,0.0,0.0,0.0,0.0,0.0,0.0
732,0.0,0.0,0.0,0.0,0.0,0.0,0.0,0.0
733,0.0,0.0,0.0,0.0,0.0,0.0,0.0,0.0
734,0.0,0.0,0.0,0.0,0.0,0.0,0.0,0.0
735,0.0,0.0,0.0,0.0,0.0,0.0,0.0,0.0
736,0.0,0.0,0.0,0.0,0.0,100000000.0,0.0,-9.9999990000001
737,0.0,0.0,0.0,0.0,-99.99990000010001,300000000.0,-24.99999375000156,-19.9999960000008
738,0.0,0.0,100000000.0,0.0,-99.99990000010001,100000000.0,99.99990000010001,-28.5714244897965
739,0.0,0.0,0.0,0.0,0.0,49.9999750000125,-19.9999960000008,0.0
740,0.0,0.0,0.0,0.0,0.0,0.0,0.0,0.0
741,0.0,0.0,0.0,-99.99990000010001,0.0,0.0,0.0,16.666663888889353
742,0.0,0.0,0.0,0.0,0.0,0.0,0.0,0.0
743,0.0,0.0,0.0,0.0,0.0,0.0,0.0,0.0
744,0.0,0.0,0.0,100000000.0,0.0,-33.333322222225924,-49.9999750000125,19.9999960000008
745,0.0,0.0,0.0,100000000.0,100000000.0,0.0,0.0,-33.333327777778706
746,0.0,0.0,0.0,0.0,-99.99990000010001,0.0,33.333322222225924,0.0
747,0.0,200000000.0,-66.66664444445185,0.0,-59.9999880000024,0.0,99.99990000010001,199.99980000020003
748,0.0,0.0,0.0,0.0,0.0,0.0,0.0,0.0
749,0.0,0.0,0.0,0.0,0.0,0.0,0.0,0.0
750,0.0,0.0,0.0,0.0,0.0,0.0,0.0,0.0
751,0.0,0.0,0.0,0.0,0.0,0.0,49.9999750000125,-14.28571224489825
752,0.0,0.0,0.0,0.0,0.0,0.0,0.0,0.0
753,0.0,-99.99990000010001,0.0,200000000.0,99.99990000010001,-66.66664444445185,0.0,0.0
754,0.0,0.0,0.0,0.0,0.0,0.0,0.0,0.0
755,0.0,0.0,0.0,0.0,0.0,0.0,0.0,0.0
756,0.0,0.0,0.0,-99.99990000010001,0.0,0.0,0.0,16.666663888889353
757,0.0,0.0,0.0,0.0,-49.9999750000125,0.0,0.0,12.499998437500198
758,0.0,0.0,0.0,0.0,0.0,0.0,0.0,0.0
759,0.0,0.0,0.0,0.0,0.0,0.0,0.0,0.0
760,0.0,0.0,0.0,0.0,100000000.0,0.0,-33.333322222225924,0.0
761,0.0,0.0,0.0,0.0,0.0,0.0,0.0,0.0
762,0.0,0.0,0.0,-99.99990000010001,0.0,0.0,0.0,12.499998437500198
763,0.0,0.0,0.0,0.0,-99.999950000025,200000000.0,0.0,0.0
764,0.0,0.0,0.0,0.0,0.0,0.0,0.0,0.0
765,0.0,0.0,0.0,0.0,0.0,0.0,0.0,0.0
766,0.0,0.0,0.0,-49.9999750000125,33.333322222225924,0.0,0.0,0.0
767,0.0,0.0,100000000.0,-33.333322222225924,0.0,0.0,99.99990000010001,-33.333322222225924
768,0.0,0.0,0.0,0.0,0.0,0.0,0.0,0.0
769,0.0,0.0,0.0,0.0,0.0,0.0,0.0,0.0
770,0.0,0.0,0.0,0.0,0.0,0.0,0.0,0.0
771,0.0,0.0,100000000.0,0.0,0.0,0.0,-49.99998750000312,16.666663888889353
772,0.0,0.0,0.0,0.0,0.0,0.0,0.0,0.0
773,0.0,0.0,0.0,0.0,0.0,0.0,0.0,0.0
774,0.0,0.0,0.0,0.0,0.0,100000000.0,-19.9999960000008,0.0
775,0.0,0.0,0.0,0.0,0.0,0.0,0.0,0.0
776,0.0,0.0,100000000.0,0.0,0.0,-33.333322222225924,0.0,0.0
777,0.0,0.0,0.0,0.0,0.0,99.99990000010001,-99.99990000010001,0.0
778,0.0,0.0,0.0,0.0,0.0,-99.999950000025,0.0,66.66664444445185
779,0.0,0.0,0.0,0.0,0.0,0.0,0.0,0.0
780,0.0,100000000.0,0.0,0.0,-49.9999750000125,0.0,99.99990000010001,-19.9999960000008
781,0.0,-99.99990000010001,0.0,0.0,0.0,0.0,0.0,24.99999375000156
782,0.0,0.0,0.0,0.0,100000000.0,0.0,-99.99990000010001,0.0
783,0.0,0.0,0.0,0.0,0.0,0.0,0.0,0.0
784,0.0,0.0,0.0,0.0,0.0,0.0,0.0,0.0
785,0.0,0.0,0.0,0.0,0.0,100000000.0,-33.333322222225924,0.0
786,0.0,0.0,100000000.0,0.0,-49.9999750000125,100000000.0,-49.9999750000125,0.0
787,0.0,0.0,0.0,0.0,0.0,0.0,0.0,0.0
788,0.0,0.0,-99.99990000010001,0.0,0.0,-49.9999750000125,199.99980000020003,0.0
789,0.0,0.0,0.0,0.0,0.0,0.0,0.0,0.0
790,0.0,0.0,0.0,0.0,0.0,0.0,0.0,0.0
791,0.0,0.0,0.0,0.0,0.0,0.0,0.0,0.0
792,0.0,0.0,0.0,0.0,0.0,0.0,0.0,0.0
793,0.0,0.0,0.0,0.0,0.0,0.0,0.0,0.0
794,0.0,0.0,0.0,0.0,0.0,100000000.0,-99.99990000010001,0.0
795,0.0,0.0,0.0,0.0,100000000.0,-49.9999750000125,0.0,0.0
796,0.0,0.0,100000000.0,-99.99990000010001,-99.99990000010001,0.0,0.0,14.28571224489825
797,0.0,0.0,0.0,0.0,0.0,0.0,0.0,0.0
798,0.0,0.0,-99.99990000010001,100000000.0,0.0,100000000.0,100000000.0,-28.5714244897965
799,0.0,0.0,0.0,0.0,0.0,0.0,0.0,0.0
800,0.0,0.0,0.0,0.0,0.0,0.0,0.0,0.0
801,0.0,0.0,0.0,0.0,0.0,0.0,0.0,0.0
802,-99.99990000010001,0.0,0.0,0.0,0.0,100000000.0,-49.9999750000125,14.28571224489825
803,0.0,0.0,0.0,0.0,0.0,0.0,0.0,0.0
804,0.0,100000000.0,0.0,0.0,0.0,-99.99990000010001,0.0,0.0
805,0.0,0.0,0.0,0.0,0.0,-49.9999750000125,0.0,16.666663888889353
806,0.0,0.0,0.0,0.0,0.0,49.9999750000125,-49.9999750000125,0.0
807,0.0,0.0,0.0,-99.99996666667778,100000000.0,0.0,99.99990000010001,16.666663888889353
808,0.0,0.0,0.0,0.0,0.0,0.0,0.0,0.0
809,0.0,0.0,0.0,0.0,0.0,0.0,0.0,0.0
810,0.0,0.0,0.0,0.0,0.0,0.0,0.0,0.0
811,0.0,0.0,0.0,0.0,0.0,0.0,0.0,0.0
812,0.0,0.0,0.0,0.0,0.0,0.0,0.0,0.0
813,0.0,0.0,0.0,0.0,0.0,0.0,0.0,0.0
814,0.0,0.0,0.0,0.0,0.0,0.0,0.0,0.0
815,0.0,100000000.0,0.0,-99.99990000010001,0.0,-99.999950000025,99.99990000010001,24.99999375000156
816,0.0,0.0,0.0,0.0,0.0,0.0,0.0,0.0
817,0.0,0.0,0.0,0.0,0.0,-49.9999750000125,0.0,12.499998437500198
818,0.0,0.0,0.0,0.0,0.0,0.0,0.0,0.0
819,0.0,0.0,0.0,0.0,0.0,0.0,0.0,0.0
820,0.0,0.0,0.0,0.0,0.0,0.0,0.0,0.0
821,0.0,-99.99990000010001,100000000.0,-99.99990000010001,0.0,0.0,-99.99990000010001,33.333327777778706
822,0.0,0.0,100000000.0,-99.99990000010001,0.0,0.0,0.0,0.0
823,0.0,0.0,0.0,0.0,0.0,99.99990000010001,-49.9999750000125,0.0
824,0.0,0.0,0.0,0.0,0.0,0.0,0.0,0.0
825,0.0,0.0,0.0,0.0,0.0,0.0,0.0,0.0
826,0.0,0.0,0.0,-99.99990000010001,0.0,0.0,0.0,16.666663888889353
827,0.0,0.0,0.0,0.0,0.0,0.0,0.0,0.0
828,0.0,0.0,0.0,0.0,0.0,0.0,0.0,0.0
829,0.0,0.0,0.0,0.0,0.0,0.0,99.99990000010001,-11.111109876543349
830,0.0,0.0,0.0,-33.333322222225924,99.99990000010001,0.0,0.0,0.0
831,0.0,0.0,0.0,0.0,0.0,-99.99990000010001,0.0,12.499998437500198
832,0.0,0.0,0.0,0.0,0.0,0.0,0.0,0.0
833,0.0,0.0,0.0,0.0,200000000.0,99.99990000010001,0.0,-42.85713673469475
834,0.0,0.0,0.0,0.0,0.0,0.0,0.0,0.0
835,0.0,0.0,0.0,0.0,49.9999750000125,0.0,0.0,-33.333322222225924
836,0.0,0.0,0.0,0.0,0.0,0.0,99.99990000010001,-16.666663888889353
837,0.0,0.0,0.0,0.0,0.0,0.0,0.0,0.0
838,0.0,0.0,0.0,0.0,0.0,0.0,0.0,0.0
839,0.0,0.0,0.0,0.0,0.0,0.0,0.0,0.0
840,0.0,99.99990000010001,0.0,100000000.0,0.0,0.0,-49.9999750000125,-24.99999375000156
841,0.0,0.0,0.0,0.0,0.0,0.0,0.0,0.0
842,0.0,0.0,0.0,0.0,0.0,0.0,0.0,0.0
843,0.0,0.0,0.0,0.0,0.0,-49.9999750000125,-49.9999750000125,49.99998750000312
844,0.0,0.0,0.0,0.0,0.0,0.0,99.99990000010001,-12.499998437500198
845,0.0,0.0,0.0,0.0,0.0,0.0,0.0,0.0
846,0.0,100000000.0,-99.99990000010001,-49.9999750000125,-99.99990000010001,0.0,0.0,49.99998750000312
847,0.0,-99.99990000010001,-99.99990000010001,0.0,99.99990000010001,199.99980000020003,-33.333322222225924,0.0
848,0.0,0.0,0.0,-49.9999750000125,49.9999750000125,33.333322222225924,0.0,-49.9999750000125
849,0.0,99.99990000010001,0.0,0.0,199.99980000020003,-49.9999750000125,0.0,-39.9999920000016
850,0.0,-99.99990000010001,0.0,0.0,99.99990000010001,0.0,0.0,0.0
851,0.0,0.0,0.0,0.0,0.0,100000000.0,-99.99990000010001,0.0
852,0.0,0.0,0.0,0.0,0.0,0.0,0.0,0.0
853,0.0,0.0,0.0,0.0,0.0,0.0,0.0,0.0
854,0.0,0.0,-99.99990000010001,0.0,0.0,0.0,49.9999750000125,0.0
855,0.0,0.0,0.0,0.0,0.0,0.0,33.333322222225924,-14.28571224489825
856,0.0,0.0,0.0,0.0,0.0,0.0,0.0,0.0
857,0.0,0.0,0.0,0.0,0.0,0.0,0.0,0.0
858,0.0,0.0,0.0,0.0,0.0,0.0,0.0,0.0
859,0.0,0.0,0.0,0.0,0.0,0.0,0.0,0.0
860,0.0,0.0,0.0,0.0,0.0,200000000.0,-49.9999750000125,-12.499998437500198
861,0.0,0.0,0.0,0.0,0.0,0.0,-33.333322222225924,14.28571224489825
862,0.0,0.0,0.0,0.0,-33.333322222225924,0.0,99.99990000010001,0.0
863,0.0,0.0,0.0,0.0,0.0,0.0,0.0,0.0
864,0.0,0.0,0.0,0.0,100000000.0,-99.99990000010001,99.99990000010001,-12.499998437500198
865,0.0,0.0,0.0,0.0,-99.99990000010001,0.0,0.0,14.28571224489825
866,0.0,0.0,0.0,0.0,0.0,0.0,0.0,0.0
867,0.0,0.0,0.0,-49.9999750000125,100000000.0,0.0,33.333322222225924,-33.333322222225924
868,0.0,0.0,0.0,0.0,100000000.0,-49.9999750000125,0.0,0.0
869,0.0,0.0,0.0,0.0,0.0,0.0,0.0,0.0
870,0.0,0.0,0.0,100000000.0,100000000.0,0.0,-33.333322222225924,-19.9999960000008
871,0.0,0.0,0.0,0.0,100000000.0,0.0,-24.99999375000156,0.0
872,0.0,0.0,0.0,0.0,0.0,0.0,0.0,0.0
873,0.0,0.0,0.0,0.0,0.0,0.0,0.0,0.0
874,0.0,0.0,0.0,0.0,0.0,0.0,0.0,0.0
875,0.0,-99.99990000010001,0.0,0.0,0.0,100000000.0,-33.333322222225924,33.333322222225924
876,0.0,0.0,-99.99990000010001,0.0,0.0,-33.333322222225924,-99.999950000025,133.3332888889037
877,0.0,0.0,0.0,0.0,0.0,0.0,-49.9999750000125,16.666663888889353
878,0.0,0.0,0.0,0.0,100000000.0,99.99990000010001,-39.9999920000016,0.0
879,0.0,0.0,0.0,0.0,0.0,0.0,0.0,0.0
880,0.0,0.0,0.0,0.0,0.0,0.0,0.0,0.0
881,0.0,0.0,0.0,-49.9999750000125,100000000.0,0.0,0.0,0.0
882,0.0,0.0,0.0,0.0,-49.9999750000125,-99.99990000010001,200000000.0,0.0
883,0.0,0.0,0.0,0.0,-49.9999750000125,0.0,0.0,19.9999960000008
884,0.0,0.0,0.0,0.0,0.0,-99.99990000010001,99.99990000010001,0.0
885,0.0,0.0,0.0,0.0,99.99990000010001,0.0,-99.99990000010001,0.0
886,0.0,0.0,0.0,0.0,-99.99990000010001,0.0,99.99990000010001,0.0
887,0.0,-49.9999750000125,0.0,0.0,100000000.0,100000000.0,0.0,-14.28571224489825
888,0.0,0.0,0.0,0.0,0.0,99.99990000010001,0.0,-14.28571224489825
889,0.0,0.0,0.0,0.0,0.0,0.0,-39.9999920000016,49.99998750000312
890,0.0,-99.99990000010001,0.0,-33.333322222225924,0.0,199.99980000020003,0.0,0.0
891,0.0,0.0,0.0,0.0,0.0,0.0,0.0,0.0
892,0.0,99.99990000010001,100000000.0,0.0,-49.9999750000125,0.0,0.0,-49.9999750000125
893,0.0,0.0,0.0,0.0,0.0,0.0,-49.9999750000125,12.499998437500198
894,0.0,0.0,0.0,0.0,0.0,0.0,0.0,0.0
895,0.0,0.0,0.0,0.0,0.0,0.0,0.0,0.0
896,0.0,0.0,0.0,100000000.0,99.99990000010001,0.0,-33.333322222225924,-19.9999960000008
897,0.0,0.0,0.0,0.0,0.0,0.0,49.9999750000125,-24.99999375000156
898,0.0,0.0,0.0,0.0,0.0,0.0,0.0,0.0
899,0.0,0.0,0.0,0.0,0.0,100000000.0,0.0,-16.666663888889353
900,0.0,0.0,-99.99990000010001,0.0,-99.99990000010001,0.0,0.0,28.5714244897965
901,0.0,0.0,-99.99990000010001,0.0,0.0,49.9999750000125,0.0,0.0
902,0.0,0.0,0.0,99.99990000010001,0.0,0.0,0.0,-16.666663888889353
903,0.0,0.0,-99.99990000010001,0.0,99.99990000010001,0.0,0.0,0.0
904,0.0,0.0,0.0,0.0,0.0,0.0,-99.999950000025,28.5714244897965
905,0.0,0.0,0.0,0.0,0.0,0.0,0.0,0.0
906,0.0,0.0,0.0,0.0,0.0,100000000.0,0.0,-9.9999990000001
907,0.0,0.0,0.0,0.0,0.0,0.0,100000000.0,-11.111109876543349
908,0.0,0.0,0.0,99.99990000010001,0.0,0.0,0.0,-33.333322222225924
909,0.0,0.0,0.0,0.0,0.0,0.0,0.0,0.0
910,0.0,0.0,0.0,0.0,0.0,0.0,0.0,0.0
911,0.0,0.0,0.0,0.0,0.0,100000000.0,-24.99999375000156,0.0
912,0.0,-99.99990000010001,-49.9999750000125,49.9999750000125,199.99980000020003,0.0,-99.99990000010001,0.0
913,0.0,0.0,0.0,0.0,0.0,0.0,0.0,0.0
914,0.0,0.0,0.0,0.0,0.0,0.0,0.0,0.0
915,0.0,0.0,0.0,0.0,0.0,0.0,0.0,0.0
916,0.0,0.0,0.0,0.0,100000000.0,0.0,-33.333322222225924,0.0
917,0.0,0.0,0.0,0.0,0.0,0.0,0.0,0.0
918,0.0,0.0,0.0,0.0,100000000.0,0.0,-16.666663888889353,0.0
919,0.0,0.0,100000000.0,0.0,-99.99990000010001,-99.99990000010001,100000000.0,0.0
920,0.0,0.0,0.0,0.0,0.0,0.0,0.0,0.0
921,0.0,0.0,-99.99990000010001,0.0,0.0,0.0,0.0,14.28571224489825
922,0.0,0.0,100000000.0,0.0,0.0,100000000.0,-24.99999375000156,-19.9999960000008
923,0.0,0.0,0.0,0.0,0.0,0.0,0.0,0.0
924,0.0,0.0,0.0,0.0,100000000.0,0.0,0.0,-16.666663888889353
925,0.0,0.0,0.0,0.0,0.0,0.0,0.0,0.0
926,0.0,0.0,0.0,0.0,0.0,0.0,0.0,0.0
927,0.0,0.0,0.0,0.0,0.0,0.0,99.99990000010001,-16.666663888889353
928,0.0,-99.99990000010001,100000000.0,0.0,0.0,0.0,-99.99990000010001,14.28571224489825
929,0.0,-99.99990000010001,0.0,0.0,99.99990000010001,33.333322222225924,0.0,-33.333322222225924
930,0.0,0.0,0.0,0.0,0.0,0.0,0.0,0.0
931,0.0,0.0,0.0,0.0,0.0,0.0,0.0,0.0
932,0.0,0.0,100000000.0,0.0,0.0,100000000.0,-49.9999750000125,-99.99990000010001
933,0.0,0.0,0.0,0.0,0.0,99.99990000010001,-16.666663888889353,0.0
934,0.0,-99.99990000010001,-99.99990000010001,200000000.0,0.0,0.0,99.99990000010001,-19.9999960000008
935,0.0,0.0,0.0,0.0,0.0,0.0,0.0,0.0
936,0.0,0.0,0.0,0.0,0.0,-99.99990000010001,0.0,11.111109876543349
937,0.0,0.0,0.0,0.0,0.0,0.0,0.0,0.0
938,0.0,0.0,0.0,0.0,0.0,0.0,0.0,0.0
939,0.0,0.0,0.0,0.0,0.0,0.0,0.0,0.0
940,0.0,0.0,0.0,0.0,0.0,0.0,0.0,0.0
941,0.0,0.0,0.0,0.0,0.0,0.0,0.0,0.0
942,0.0,-99.99990000010001,200000000.0,-99.999950000025,99.99990000010001,0.0,0.0,0.0
943,0.0,0.0,0.0,0.0,0.0,0.0,99.99990000010001,-12.499998437500198
944,0.0,400000000.0,0.0,100000000.0,100000000.0,100000000.0,100000000.0,200000000.0
945,0.0,400000000.0,0.0,100000000.0,100000000.0,100000000.0,100000000.0,200000000.0
946,0.0,400000000.0,0.0,100000000.0,100000000.0,100000000.0,100000000.0,200000000.0
947,0.0,400000000.0,0.0,100000000.0,100000000.0,100000000.0,100000000.0,200000000.0
948,0.0,400000000.0,0.0,100000000.0,100000000.0,100000000.0,100000000.0,200000000.0
949,100000000.0,0.0,200000000.0,200000000.0,100000000.0,200000000.0,0.0,200000000.0
950,100000000.0,0.0,200000000.0,200000000.0,100000000.0,200000000.0,0.0,200000000.0
951,100000000.0,0.0,200000000.0,200000000.0,100000000.0,200000000.0,0.0,200000000.0
952,100000000.0,0.0,200000000.0,200000000.0,100000000.0,200000000.0,0.0,200000000.0
953,100000000.0,0.0,200000000.0,200000000.0,100000000.0,200000000.0,0.0,200000000.0
954,100000000.0,100000000.0,0.0,100000000.0,300000000.0,0.0,100000000.0,300000000.0
955,100000000.0,100000000.0,0.0,100000000.0,300000000.0,0.0,100000000.0,300000000.0
956,100000000.0,100000000.0,0.0,100000000.0,300000000.0,0.0,100000000.0,300000000.0
957,100000000.0,100000000.0,0.0,100000000.0,300000000.0,0.0,100000000.0,300000000.0
958,100000000.0,100000000.0,0.0,100000000.0,300000000.0,0.0,100000000.0,300000000.0
959,100000000.0,100000000.0,0.0,0.0,0.0,100000000.0,0.0,700000000.0
960,100000000.0,100000000.0,0.0,0.0,0.0,100000000.0,0.0,700000000.0
961,100000000.0,100000000.0,0.0,0.0,0.0,100000000.0,0.0,700000000.0
962,100000000.0,100000000.0,0.0,0.0,0.0,100000000.0,0.0,700000000.0
963,100000000.0,100000000.0,0.0,0.0,0.0,100000000.0,0.0,700000000.0
964,100000000.0,0.0,100000000.0,0.0,0.0,0.0,100000000.0,700000000.0
965,100000000.0,0.0,100000000.0,0.0,0.0,0.0,100000000.0,700000000.0
966,100000000.0,0.0,100000000.0,0.0,0.0,0.0,100000000.0,700000000.0
967,100000000.0,0.0,100000000.0,0.0,0.0,0.0,100000000.0,700000000.0
968,100000000.0,0.0,100000000.0,0.0,0.0,0.0,100000000.0,700000000.0
969,0.0,100000000.0,0.0,0.0,0.0,0.0,100000000.0,800000000.0
970,0.0,100000000.0,0.0,0.0,0.0,0.0,100000000.0,800000000.0
971,0.0,100000000.0,0.0,0.0,0.0,0.0,100000000.0,800000000.0
972,0.0,100000000.0,0.0,0.0,0.0,0.0,100000000.0,800000000.0
973,0.0,100000000.0,0.0,0.0,0.0,0.0,100000000.0,800000000.0
974,100000000.0,0.0,0.0,100000000.0,0.0,0.0,0.0,800000000.0
975,100000000.0,0.0,0.0,100000000.0,0.0,0.0,0.0,800000000.0
976,100000000.0,0.0,0.0,100000000.0,0.0,0.0,0.0,800000000.0
977,100000000.0,0.0,0.0,100000000.0,0.0,0.0,0.0,800000000.0
978,100000000.0,0.0,0.0,100000000.0,0.0,0.0,0.0,800000000.0
979,0.0,100000000.0,300000000.0,100000000.0,0.0,0.0,500000000.0,0.0
980,0.0,100000000.0,300000000.0,100000000.0,0.0,0.0,500000000.0,0.0
981,0.0,100000000.0,300000000.0,100000000.0,0.0,0.0,500000000.0,0.0
982,0.0,100000000.0,300000000.0,100000000.0,0.0,0.0,500000000.0,0.0
983,0.0,100000000.0,300000000.0,100000000.0,0.0,0.0,500000000.0,0.0
