user_id,item_id,rating,decade,favorite_decade
1256,420,5.0,1950.0,1950.0
1256,486,5.0,1950.0,1950.0
1256,603,5.0,1950.0,1950.0
1256,1347,5.0,1950.0,1950.0
1256,641,5.0,1950.0,1950.0
1256,606,5.0,1950.0,1950.0
1256,490,5.0,1950.0,1950.0
1256,444,5.0,1950.0,1950.0
1256,618,5.0,1950.0,1950.0
1256,705,5.0,1950.0,1950.0
1256,495,5.0,1950.0,1950.0
1256,429,5.0,1950.0,1950.0
1256,990,0.0,1990.0,1950.0
1256,1232,0.0,1990.0,1950.0
1256,1560,0.0,1980.0,1950.0
1256,36,0.0,1990.0,1950.0
1256,392,0.0,1990.0,1950.0
1256,303,0.0,1990.0,1950.0
1256,235,0.0,1990.0,1950.0
1256,148,0.0,1990.0,1950.0
1256,983,0.0,1990.0,1950.0
1256,1571,0.0,1970.0,1950.0
1256,41,0.0,1990.0,1950.0
1256,323,0.0,1990.0,1950.0
1256,1162,0.0,1990.0,1950.0
1256,1282,0.0,1990.0,1950.0
1256,1445,0.0,1990.0,1950.0
1256,1440,0.0,1990.0,1950.0
1256,1639,0.0,1990.0,1950.0
1256,978,0.0,1990.0,1950.0
1256,1069,0.0,1990.0,1950.0
1256,1406,0.0,1990.0,1950.0
1256,417,0.0,1960.0,1950.0
1256,96,0.0,1990.0,1950.0
1256,247,0.0,1990.0,1950.0
1256,969,0.0,1960.0,1950.0
1256,655,0.0,1980.0,1950.0
1256,664,0.0,1980.0,1950.0
1256,1403,0.0,1990.0,1950.0
1256,997,0.0,1990.0,1950.0
1256,760,0.0,1990.0,1950.0
1256,797,0.0,1990.0,1950.0
1256,209,0.0,1980.0,1950.0
1256,1039,0.0,1990.0,1950.0
1256,1665,0.0,1990.0,1950.0
1256,693,0.0,1990.0,1950.0
1256,1599,0.0,1990.0,1950.0
1256,1681,0.0,1990.0,1950.0
1256,109,0.0,1990.0,1950.0
1256,548,0.0,1990.0,1950.0
1256,515,0.0,1990.0,1950.0
1256,708,0.0,1980.0,1950.0
1256,19,0.0,1990.0,1950.0
1256,1524,0.0,1990.0,1950.0
1256,1346,0.0,1990.0,1950.0
1256,1647,0.0,1990.0,1950.0
1256,1430,0.0,1990.0,1950.0
1256,788,0.0,1990.0,1950.0
1256,52,0.0,1990.0,1950.0
1256,459,0.0,1990.0,1950.0
1256,765,0.0,1990.0,1950.0
1256,544,0.0,1990.0,1950.0
1256,1576,0.0,1980.0,1950.0
1256,868,0.0,1990.0,1950.0
1256,391,0.0,1990.0,1950.0
1256,1309,0.0,1970.0,1950.0
1256,294,0.0,1990.0,1950.0
1256,82,0.0,1990.0,1950.0
1256,1427,0.0,1990.0,1950.0
1256,696,0.0,1990.0,1950.0
1256,550,0.0,1990.0,1950.0
1256,494,0.0,1940.0,1950.0
1256,1178,0.0,1990.0,1950.0
1256,808,0.0,1990.0,1950.0
1256,108,0.0,1990.0,1950.0
1256,280,0.0,1990.0,1950.0
1256,93,0.0,1990.0,1950.0
1256,1050,0.0,1940.0,1950.0
1256,775,0.0,1990.0,1950.0
1256,594,0.0,1990.0,1950.0
1256,257,0.0,1990.0,1950.0
1256,305,0.0,1990.0,1950.0
1256,29,0.0,1990.0,1950.0
1256,1669,0.0,1990.0,1950.0
1256,1114,0.0,1990.0,1950.0
1256,816,0.0,1990.0,1950.0
1256,145,0.0,1990.0,1950.0
1256,1345,0.0,1990.0,1950.0
1256,133,0.0,1930.0,1950.0
1256,1401,0.0,1990.0,1950.0
1256,761,0.0,1990.0,1950.0
1256,1088,0.0,1990.0,1950.0
1256,1297,0.0,1990.0,1950.0
1256,1498,0.0,1990.0,1950.0
1256,631,0.0,1990.0,1950.0
1256,1397,0.0,1930.0,1950.0
1256,1119,0.0,1980.0,1950.0
1256,1596,0.0,1990.0,1950.0
1256,682,0.0,1990.0,1950.0
1256,613,0.0,1930.0,1950.0
1256,220,0.0,1990.0,1950.0
1256,1286,0.0,1930.0,1950.0
1256,1326,0.0,1990.0,1950.0
1256,1373,0.0,1970.0,1950.0
1256,357,0.0,1970.0,1950.0
1256,724,0.0,1990.0,1950.0
1256,829,0.0,1990.0,1950.0
1256,455,0.0,1990.0,1950.0
1256,170,0.0,1980.0,1950.0
1256,172,0.0,1980.0,1950.0
1256,745,0.0,1970.0,1950.0
1256,729,0.0,1990.0,1950.0
1256,285,0.0,1990.0,1950.0
1256,69,0.0,1990.0,1950.0
1256,1260,0.0,1990.0,1950.0
1256,283,0.0,1990.0,1950.0
1256,1529,0.0,1990.0,1950.0
1256,397,0.0,1990.0,1950.0
1256,252,0.0,1990.0,1950.0
1256,1533,0.0,1990.0,1950.0
1256,1648,0.0,1990.0,1950.0
1256,1275,0.0,1990.0,1950.0
1256,166,0.0,1980.0,1950.0
1256,353,0.0,1990.0,1950.0
1256,583,0.0,1990.0,1950.0
1256,1480,0.0,1970.0,1950.0
1256,1202,0.0,1990.0,1950.0
1256,1227,0.0,1990.0,1950.0
1256,728,0.0,1990.0,1950.0
1256,837,0.0,1940.0,1950.0
1256,405,0.0,1990.0,1950.0
1256,423,0.0,1980.0,1950.0
1256,702,0.0,1990.0,1950.0
1256,483,0.0,1940.0,1950.0
1256,1169,0.0,1990.0,1950.0
1256,164,0.0,1980.0,1950.0
1256,66,0.0,1990.0,1950.0
1256,1438,0.0,1990.0,1950.0
1256,892,0.0,1990.0,1950.0
1256,202,0.0,1990.0,1950.0
1256,1066,0.0,1990.0,1950.0
1256,1180,0.0,1990.0,1950.0
1256,387,0.0,1990.0,1950.0
1256,685,0.0,1990.0,1950.0
1256,798,0.0,1990.0,1950.0
1256,697,0.0,1990.0,1950.0
1256,380,0.0,1990.0,1950.0
1256,781,0.0,1990.0,1950.0
1256,393,0.0,1990.0,1950.0
1256,1353,0.0,1990.0,1950.0
1256,1619,0.0,1990.0,1950.0
1256,1012,0.0,1990.0,1950.0
1256,914,0.0,1990.0,1950.0
1256,723,0.0,1990.0,1950.0
1256,1029,0.0,1990.0,1950.0
1256,993,0.0,1990.0,1950.0
1256,588,0.0,1990.0,1950.0
1256,1487,0.0,1990.0,1950.0
1256,1453,0.0,1940.0,1950.0
1256,722,0.0,1990.0,1950.0
1256,543,0.0,1990.0,1950.0
1256,1578,0.0,1960.0,1950.0
1256,793,0.0,1990.0,1950.0
1256,1666,0.0,1990.0,1950.0
1256,500,0.0,1990.0,1950.0
1256,359,0.0,1990.0,1950.0
1256,759,0.0,1990.0,1950.0
1256,884,0.0,1990.0,1950.0
1256,825,0.0,1990.0,1950.0
1256,1414,0.0,1990.0,1950.0
1256,68,0.0,1990.0,1950.0
1256,916,0.0,1990.0,1950.0
1256,1293,0.0,1990.0,1950.0
1256,238,0.0,1980.0,1950.0
1256,1279,0.0,1990.0,1950.0
1256,1211,0.0,1990.0,1950.0
1256,60,0.0,1990.0,1950.0
1256,998,0.0,1990.0,1950.0
1256,1500,0.0,1990.0,1950.0
1256,787,0.0,1990.0,1950.0
1256,860,0.0,1980.0,1950.0
1256,886,0.0,1990.0,1950.0
1256,846,0.0,1990.0,1950.0
1256,1545,0.0,1990.0,1950.0
1256,1052,0.0,1990.0,1950.0
1256,1041,0.0,1990.0,1950.0
1256,703,0.0,1990.0,1950.0
1256,701,0.0,1990.0,1950.0
1256,299,0.0,1990.0,1950.0
1256,9,0.0,1990.0,1950.0
1256,1573,0.0,1960.0,1950.0
1256,530,0.0,1970.0,1950.0
1256,394,0.0,1990.0,1950.0
1256,895,0.0,1990.0,1950.0
1256,321,0.0,1990.0,1950.0
1256,355,0.0,1990.0,1950.0
1256,349,0.0,1990.0,1950.0
1256,163,0.0,1970.0,1950.0
1256,947,0.0,1980.0,1950.0
1256,1099,0.0,1990.0,1950.0
1256,662,0.0,1980.0,1950.0
1256,1651,0.0,1990.0,1950.0
1256,1261,0.0,1990.0,1950.0
1256,333,0.0,1990.0,1950.0
1256,527,0.0,1980.0,1950.0
1256,1358,0.0,1990.0,1950.0
1256,262,0.0,1990.0,1950.0
1256,656,0.0,1930.0,1950.0
1256,297,0.0,1990.0,1950.0
1256,784,0.0,1990.0,1950.0
1256,1231,0.0,1990.0,1950.0
1256,686,0.0,1990.0,1950.0
1286,514,5.0,1970.0,1970.0
1286,163,5.0,1970.0,1970.0
1286,1571,5.0,1970.0,1970.0
1286,517,5.0,1970.0,1970.0
1286,1480,5.0,1970.0,1970.0
1286,1149,5.0,1970.0,1970.0
1286,187,5.0,1970.0,1970.0
1286,211,5.0,1970.0,1970.0
1286,446,5.0,1970.0,1970.0
1286,451,5.0,1970.0,1970.0
1286,183,5.0,1970.0,1970.0
1286,1159,5.0,1970.0,1970.0
1286,745,5.0,1970.0,1970.0
1286,503,5.0,1970.0,1970.0
1286,1266,5.0,1970.0,1970.0
1286,154,5.0,1970.0,1970.0
1286,152,5.0,1970.0,1970.0
1286,205,5.0,1970.0,1970.0
1286,1118,5.0,1970.0,1970.0
1286,234,5.0,1970.0,1970.0
1286,1166,0.0,1990.0,1970.0
1286,977,0.0,1990.0,1970.0
1286,491,0.0,1930.0,1970.0
1286,1420,0.0,1990.0,1970.0
1286,658,0.0,1990.0,1970.0
1286,1107,0.0,1990.0,1970.0
1286,82,0.0,1990.0,1970.0
1286,218,0.0,1990.0,1970.0
1286,1165,0.0,1990.0,1970.0
1286,132,0.0,1930.0,1970.0
1286,1031,0.0,1990.0,1970.0
1286,1226,0.0,1990.0,1970.0
1286,734,0.0,1990.0,1970.0
1286,309,0.0,1990.0,1970.0
1286,913,0.0,1990.0,1970.0
1286,842,0.0,1960.0,1970.0
1286,698,0.0,1990.0,1970.0
1286,1172,0.0,1930.0,1970.0
1286,1457,0.0,1990.0,1970.0
1286,1678,0.0,1990.0,1970.0
1286,1122,0.0,1930.0,1970.0
1286,867,0.0,1990.0,1970.0
1286,1483,0.0,1990.0,1970.0
1286,480,0.0,1950.0,1970.0
1286,246,0.0,1990.0,1970.0
1286,247,0.0,1990.0,1970.0
1286,1426,0.0,1990.0,1970.0
1286,1436,0.0,1990.0,1970.0
1286,650,0.0,1950.0,1970.0
1286,1504,0.0,1990.0,1970.0
1286,1513,0.0,1990.0,1970.0
1286,1447,0.0,1990.0,1970.0
1286,1236,0.0,1990.0,1970.0
1286,1124,0.0,1930.0,1970.0
1286,270,0.0,1990.0,1970.0
1286,529,0.0,1980.0,1970.0
1286,527,0.0,1980.0,1970.0
1286,278,0.0,1990.0,1970.0
1286,1231,0.0,1990.0,1970.0
1286,1509,0.0,1990.0,1970.0
1286,88,0.0,1990.0,1970.0
1286,690,0.0,1990.0,1970.0
1286,419,0.0,1960.0,1970.0
1286,1406,0.0,1990.0,1970.0
1286,10,0.0,1990.0,1970.0
1286,522,0.0,1980.0,1970.0
1286,1477,0.0,1990.0,1970.0
1286,232,0.0,1980.0,1970.0
1286,60,0.0,1990.0,1970.0
1286,497,0.0,1930.0,1970.0
1286,824,0.0,1990.0,1970.0
1286,618,0.0,1950.0,1970.0
1286,396,0.0,1990.0,1970.0
1286,564,0.0,1990.0,1970.0
1286,1590,0.0,1990.0,1970.0
1286,1164,0.0,1990.0,1970.0
1286,1258,0.0,1990.0,1970.0
1286,709,0.0,1990.0,1970.0
1286,853,0.0,1990.0,1970.0
1286,1199,0.0,1990.0,1970.0
1286,1458,0.0,1930.0,1970.0
1286,613,0.0,1930.0,1970.0
1286,980,0.0,1990.0,1970.0
1286,1462,0.0,1990.0,1970.0
1286,1322,0.0,1990.0,1970.0
1286,1158,0.0,1990.0,1970.0
1286,1010,0.0,1990.0,1970.0
1286,24,0.0,1990.0,1970.0
1286,1211,0.0,1990.0,1970.0
1286,1491,0.0,1990.0,1970.0
1286,1232,0.0,1990.0,1970.0
1286,724,0.0,1990.0,1970.0
1286,585,0.0,1990.0,1970.0
1286,557,0.0,1990.0,1970.0
1286,826,0.0,1990.0,1970.0
1286,1371,0.0,1990.0,1970.0
1286,229,0.0,1980.0,1970.0
1286,1302,0.0,1990.0,1970.0
1286,971,0.0,1990.0,1970.0
1286,89,0.0,1980.0,1970.0
1286,1471,0.0,1990.0,1970.0
1286,543,0.0,1990.0,1970.0
1286,72,0.0,1990.0,1970.0
1286,643,0.0,1990.0,1970.0
1286,14,0.0,1990.0,1970.0
1286,969,0.0,1960.0,1970.0
1286,782,0.0,1990.0,1970.0
1286,1227,0.0,1990.0,1970.0
1286,1066,0.0,1990.0,1970.0
1286,1312,0.0,1990.0,1970.0
1286,508,0.0,1990.0,1970.0
1286,528,0.0,1980.0,1970.0
1286,159,0.0,1990.0,1970.0
1286,1680,0.0,1990.0,1970.0
1286,113,0.0,1990.0,1970.0
1286,1192,0.0,1990.0,1970.0
1286,145,0.0,1990.0,1970.0
1286,612,0.0,1930.0,1970.0
1286,1596,0.0,1990.0,1970.0
1286,1052,0.0,1990.0,1970.0
1286,1053,0.0,1990.0,1970.0
1286,471,0.0,1990.0,1970.0
1286,1476,0.0,1940.0,1970.0
1286,365,0.0,1990.0,1970.0
1286,877,0.0,1990.0,1970.0
1286,1511,0.0,1990.0,1970.0
1286,1074,0.0,1990.0,1970.0
1286,1422,0.0,1990.0,1970.0
1286,569,0.0,1990.0,1970.0
1286,1099,0.0,1990.0,1970.0
1286,1549,0.0,1990.0,1970.0
1286,1380,0.0,1990.0,1970.0
1286,819,0.0,1990.0,1970.0
1286,1495,0.0,1990.0,1970.0
1286,1272,0.0,1990.0,1970.0
1286,1370,0.0,1990.0,1970.0
1286,882,0.0,1990.0,1970.0
1286,359,0.0,1990.0,1970.0
1286,1516,0.0,1990.0,1970.0
1286,115,0.0,1990.0,1970.0
1286,616,0.0,1960.0,1970.0
1286,750,0.0,1990.0,1970.0
1286,1451,0.0,1940.0,1970.0
1286,1239,0.0,1990.0,1970.0
1286,1041,0.0,1990.0,1970.0
1286,1144,0.0,1990.0,1970.0
1286,1396,0.0,1990.0,1970.0
1286,1485,0.0,1990.0,1970.0
1286,1437,0.0,1990.0,1970.0
1286,715,0.0,1990.0,1970.0
1286,815,0.0,1990.0,1970.0
1286,1007,0.0,1990.0,1970.0
1286,1522,0.0,1990.0,1970.0
1286,1479,0.0,1990.0,1970.0
1286,1221,0.0,1990.0,1970.0
1286,1343,0.0,1990.0,1970.0
1286,1632,0.0,1990.0,1970.0
1286,64,0.0,1990.0,1970.0
1286,675,0.0,1920.0,1970.0
1286,751,0.0,1990.0,1970.0
1286,1104,0.0,1990.0,1970.0
1286,1246,0.0,1990.0,1970.0
1286,172,0.0,1980.0,1970.0
1286,213,0.0,1980.0,1970.0
1286,677,0.0,1990.0,1970.0
1286,317,0.0,1990.0,1970.0
1286,416,0.0,1950.0,1970.0
1286,1470,0.0,1990.0,1970.0
1286,1628,0.0,1990.0,1970.0
1286,1649,0.0,1990.0,1970.0
1286,710,0.0,1980.0,1970.0
1286,1130,0.0,1990.0,1970.0
1286,1582,0.0,1940.0,1970.0
1286,507,0.0,1950.0,1970.0
1286,495,0.0,1950.0,1970.0
1286,1667,0.0,1990.0,1970.0
1286,513,0.0,1940.0,1970.0
1286,1296,0.0,1990.0,1970.0
1286,1161,0.0,1990.0,1970.0
1286,1016,0.0,1990.0,1970.0
1286,397,0.0,1990.0,1970.0
1286,1607,0.0,1990.0,1970.0
1286,418,0.0,1950.0,1970.0
1286,368,0.0,1990.0,1970.0
1286,473,0.0,1990.0,1970.0
1286,1184,0.0,1990.0,1970.0
1286,818,0.0,1990.0,1970.0
1286,1577,0.0,1950.0,1970.0
1286,830,0.0,1990.0,1970.0
1286,322,0.0,1990.0,1970.0
1286,406,0.0,1990.0,1970.0
1286,700,0.0,1990.0,1970.0
1286,653,0.0,1950.0,1970.0
1286,1672,0.0,1990.0,1970.0
1286,450,0.0,1980.0,1970.0
1286,1137,0.0,1990.0,1970.0
1286,1397,0.0,1930.0,1970.0
1286,1001,0.0,1990.0,1970.0
1286,91,0.0,1990.0,1970.0
1286,1567,0.0,1990.0,1970.0
1286,888,0.0,1990.0,1970.0
1286,1464,0.0,1990.0,1970.0
1286,1621,0.0,1990.0,1970.0
1286,1385,0.0,1990.0,1970.0
1428,968,5.0,1940.0,1940.0
1428,513,5.0,1940.0,1940.0
1428,608,5.0,1940.0,1940.0
1428,1116,5.0,1940.0,1940.0
1428,1204,5.0,1940.0,1940.0
1428,624,5.0,1940.0,1940.0
1428,134,5.0,1940.0,1940.0
1428,1584,5.0,1940.0,1940.0
1428,496,5.0,1940.0,1940.0
1428,1310,5.0,1940.0,1940.0
1428,341,0.0,1990.0,1940.0
1428,110,0.0,1990.0,1940.0
1428,875,0.0,1990.0,1940.0
1428,529,0.0,1980.0,1940.0
1428,933,0.0,1990.0,1940.0
1428,1035,0.0,1990.0,1940.0
1428,904,0.0,1990.0,1940.0
1428,391,0.0,1990.0,1940.0
1428,856,0.0,1990.0,1940.0
1428,1409,0.0,1990.0,1940.0
1428,1066,0.0,1990.0,1940.0
1428,783,0.0,1990.0,1940.0
1428,622,0.0,1960.0,1940.0
1428,1676,0.0,1990.0,1940.0
1428,630,0.0,1960.0,1940.0
1428,1399,0.0,1990.0,1940.0
1428,614,0.0,1950.0,1940.0
1428,1067,0.0,1990.0,1940.0
1428,274,0.0,1990.0,1940.0
1428,984,0.0,1990.0,1940.0
1428,1568,0.0,1990.0,1940.0
1428,1372,0.0,1990.0,1940.0
1428,1340,0.0,1990.0,1940.0
1428,220,0.0,1990.0,1940.0
1428,1056,0.0,1990.0,1940.0
1428,399,0.0,1990.0,1940.0
1428,1659,0.0,1990.0,1940.0
1428,113,0.0,1990.0,1940.0
1428,114,0.0,1990.0,1940.0
1428,824,0.0,1990.0,1940.0
1428,168,0.0,1970.0,1940.0
1428,843,0.0,1950.0,1940.0
1428,1130,0.0,1990.0,1940.0
1428,1270,0.0,1990.0,1940.0
1428,72,0.0,1990.0,1940.0
1428,971,0.0,1990.0,1940.0
1428,1626,0.0,1990.0,1940.0
1428,798,0.0,1990.0,1940.0
1428,819,0.0,1990.0,1940.0
1428,637,0.0,1980.0,1940.0
1428,1527,0.0,1990.0,1940.0
1428,1202,0.0,1990.0,1940.0
1428,290,0.0,1990.0,1940.0
1428,660,0.0,1990.0,1940.0
1428,1288,0.0,1990.0,1940.0
1428,133,0.0,1930.0,1940.0
1428,922,0.0,1990.0,1940.0
1428,1578,0.0,1960.0,1940.0
1428,657,0.0,1960.0,1940.0
1428,486,0.0,1950.0,1940.0
1428,1475,0.0,1990.0,1940.0
1428,1652,0.0,1990.0,1940.0
1428,868,0.0,1990.0,1940.0
1428,1231,0.0,1990.0,1940.0
1428,240,0.0,1990.0,1940.0
1428,1251,0.0,1990.0,1940.0
1428,243,0.0,1990.0,1940.0
1428,105,0.0,1990.0,1940.0
1428,1617,0.0,1990.0,1940.0
1428,128,0.0,1990.0,1940.0
1428,1432,0.0,1990.0,1940.0
1428,1392,0.0,1990.0,1940.0
1428,665,0.0,1990.0,1940.0
1428,388,0.0,1990.0,1940.0
1428,1647,0.0,1990.0,1940.0
1428,272,0.0,1990.0,1940.0
1428,48,0.0,1990.0,1940.0
1428,512,0.0,1980.0,1940.0
1428,335,0.0,1990.0,1940.0
1428,1660,0.0,1990.0,1940.0
1428,863,0.0,1990.0,1940.0
1428,35,0.0,1990.0,1940.0
1428,20,0.0,1990.0,1940.0
1428,1376,0.0,1990.0,1940.0
1428,1655,0.0,1990.0,1940.0
1428,1620,0.0,1990.0,1940.0
1428,771,0.0,1990.0,1940.0
1428,1126,0.0,1950.0,1940.0
1428,954,0.0,1990.0,1940.0
1428,1306,0.0,1990.0,1940.0
1428,1328,0.0,1990.0,1940.0
1428,1220,0.0,1990.0,1940.0
1428,946,0.0,1980.0,1940.0
1428,778,0.0,1990.0,1940.0
1428,1516,0.0,1990.0,1940.0
1428,806,0.0,1990.0,1940.0
1428,156,0.0,1990.0,1940.0
1428,1581,0.0,1950.0,1940.0
1428,1047,0.0,1990.0,1940.0
1428,1645,0.0,1990.0,1940.0
1428,1426,0.0,1990.0,1940.0
1428,467,0.0,1990.0,1940.0
1428,1311,0.0,1990.0,1940.0
1428,1320,0.0,1990.0,1940.0
1428,1127,0.0,1990.0,1940.0
1428,410,0.0,1990.0,1940.0
1428,901,0.0,1990.0,1940.0
1428,352,0.0,1990.0,1940.0
1428,69,0.0,1990.0,1940.0
1428,293,0.0,1990.0,1940.0
1428,709,0.0,1990.0,1940.0
1428,103,0.0,1990.0,1940.0
1428,957,0.0,1990.0,1940.0
1428,129,0.0,1990.0,1940.0
1428,268,0.0,1990.0,1940.0
1428,400,0.0,1990.0,1940.0
1428,870,0.0,1990.0,1940.0
1428,136,0.0,1930.0,1940.0
1428,1115,0.0,1990.0,1940.0
1428,1597,0.0,1990.0,1940.0
1428,497,0.0,1930.0,1940.0
1428,439,0.0,1990.0,1940.0
1428,620,0.0,1990.0,1940.0
1428,567,0.0,1990.0,1940.0
1428,349,0.0,1990.0,1940.0
1428,26,0.0,1990.0,1940.0
1428,2,0.0,1990.0,1940.0
1428,253,0.0,1990.0,1940.0
1428,84,0.0,1990.0,1940.0
1428,230,0.0,1980.0,1940.0
1428,1416,0.0,1990.0,1940.0
1428,167,0.0,1980.0,1940.0
1428,577,0.0,1990.0,1940.0
1428,1493,0.0,1990.0,1940.0
1428,390,0.0,1990.0,1940.0
1428,65,0.0,1990.0,1940.0
1428,1391,0.0,1990.0,1940.0
1428,361,0.0,1990.0,1940.0
1428,412,0.0,1990.0,1940.0
1428,299,0.0,1990.0,1940.0
1428,865,0.0,1990.0,1940.0
1428,1627,0.0,1990.0,1940.0
1428,884,0.0,1990.0,1940.0
1428,1559,0.0,1990.0,1940.0
1428,233,0.0,1990.0,1940.0
1428,1129,0.0,1990.0,1940.0
1428,1156,0.0,1990.0,1940.0
1428,1198,0.0,1960.0,1940.0
1428,339,0.0,1990.0,1940.0
1428,1622,0.0,1990.0,1940.0
1428,1480,0.0,1970.0,1940.0
1428,1413,0.0,1990.0,1940.0
1428,1624,0.0,1990.0,1940.0
1428,45,0.0,1990.0,1940.0
1428,1595,0.0,1990.0,1940.0
1428,1322,0.0,1990.0,1940.0
1428,876,0.0,1990.0,1940.0
1428,891,0.0,1990.0,1940.0
1428,1436,0.0,1990.0,1940.0
1428,769,0.0,1990.0,1940.0
1428,224,0.0,1990.0,1940.0
1428,1048,0.0,1990.0,1940.0
1428,1400,0.0,1990.0,1940.0
1428,346,0.0,1990.0,1940.0
1428,1142,0.0,1990.0,1940.0
1428,767,0.0,1990.0,1940.0
1428,326,0.0,1990.0,1940.0
1428,193,0.0,1980.0,1940.0
1428,1112,0.0,1990.0,1940.0
1428,770,0.0,1990.0,1940.0
1428,1460,0.0,1990.0,1940.0
1428,847,0.0,1990.0,1940.0
1428,1353,0.0,1990.0,1940.0
1428,918,0.0,1990.0,1940.0
1428,1161,0.0,1990.0,1940.0
1428,262,0.0,1990.0,1940.0
1428,898,0.0,1990.0,1940.0
1485,483,5.0,1940.0,1940.0
1485,608,5.0,1940.0,1940.0
1485,605,5.0,1940.0,1940.0
1485,1020,5.0,1940.0,1940.0
1485,1452,5.0,1940.0,1940.0
1485,1299,5.0,1940.0,1940.0
1485,624,5.0,1940.0,1940.0
1485,1450,5.0,1940.0,1940.0
1485,1566,5.0,1940.0,1940.0
1485,1116,5.0,1940.0,1940.0
1485,626,5.0,1940.0,1940.0
1485,1204,5.0,1940.0,1940.0
1485,837,5.0,1940.0,1940.0
1485,478,5.0,1940.0,1940.0
1485,525,5.0,1940.0,1940.0
1485,1604,5.0,1940.0,1940.0
1485,501,5.0,1940.0,1940.0
1485,513,5.0,1940.0,1940.0
1485,968,5.0,1940.0,1940.0
1485,432,5.0,1940.0,1940.0
1485,1453,5.0,1940.0,1940.0
1485,607,5.0,1940.0,1940.0
1485,445,5.0,1940.0,1940.0
1485,1582,5.0,1940.0,1940.0
1485,134,5.0,1940.0,1940.0
1485,404,5.0,1940.0,1940.0
1485,496,5.0,1940.0,1940.0
1485,524,5.0,1940.0,1940.0
1485,1476,5.0,1940.0,1940.0
1485,601,5.0,1940.0,1940.0
1485,489,5.0,1940.0,1940.0
1485,1454,5.0,1940.0,1940.0
1485,1455,5.0,1940.0,1940.0
1485,519,5.0,1940.0,1940.0
1485,1064,5.0,1940.0,1940.0
1485,1507,0.0,1990.0,1940.0
1485,783,0.0,1990.0,1940.0
1485,1428,0.0,1990.0,1940.0
1485,775,0.0,1990.0,1940.0
1485,402,0.0,1990.0,1940.0
1485,249,0.0,1990.0,1940.0
1485,925,0.0,1990.0,1940.0
1485,541,0.0,1990.0,1940.0
1485,106,0.0,1990.0,1940.0
1485,1098,0.0,1990.0,1940.0
1485,204,0.0,1980.0,1940.0
1485,1409,0.0,1990.0,1940.0
1485,126,0.0,1990.0,1940.0
1485,1057,0.0,1990.0,1940.0
1485,1262,0.0,1990.0,1940.0
1485,260,0.0,1990.0,1940.0
1485,878,0.0,1990.0,1940.0
1485,306,0.0,1990.0,1940.0
1485,1633,0.0,1990.0,1940.0
1485,676,0.0,1990.0,1940.0
1485,208,0.0,1970.0,1940.0
1485,1368,0.0,1990.0,1940.0
1485,724,0.0,1990.0,1940.0
1485,846,0.0,1990.0,1940.0
1485,406,0.0,1990.0,1940.0
1485,1016,0.0,1990.0,1940.0
1485,821,0.0,1990.0,1940.0
1485,1215,0.0,1990.0,1940.0
1485,1534,0.0,1990.0,1940.0
1485,471,0.0,1990.0,1940.0
1485,224,0.0,1990.0,1940.0
1485,923,0.0,1990.0,1940.0
1485,850,0.0,1990.0,1940.0
1485,210,0.0,1980.0,1940.0
1485,1658,0.0,1990.0,1940.0
1485,829,0.0,1990.0,1940.0
1485,872,0.0,1990.0,1940.0
1485,898,0.0,1990.0,1940.0
1485,133,0.0,1930.0,1940.0
1485,291,0.0,1990.0,1940.0
1485,332,0.0,1990.0,1940.0
1485,78,0.0,1990.0,1940.0
1485,1355,0.0,1990.0,1940.0
1485,717,0.0,1990.0,1940.0
1485,899,0.0,1990.0,1940.0
1485,77,0.0,1990.0,1940.0
1485,707,0.0,1990.0,1940.0
1485,1552,0.0,1990.0,1940.0
1485,868,0.0,1990.0,1940.0
1485,633,0.0,1930.0,1940.0
1485,795,0.0,1990.0,1940.0
1485,193,0.0,1980.0,1940.0
1485,543,0.0,1990.0,1940.0
1485,421,0.0,1990.0,1940.0
1485,1033,0.0,1990.0,1940.0
1485,1648,0.0,1990.0,1940.0
1485,670,0.0,1990.0,1940.0
1485,615,0.0,1930.0,1940.0
1485,1581,0.0,1950.0,1940.0
1485,1010,0.0,1990.0,1940.0
1485,1316,0.0,1990.0,1940.0
1485,1618,0.0,1990.0,1940.0
1485,1203,0.0,1930.0,1940.0
1485,851,0.0,1960.0,1940.0
1485,693,0.0,1990.0,1940.0
1485,481,0.0,1960.0,1940.0
1485,947,0.0,1980.0,1940.0
1485,1370,0.0,1990.0,1940.0
1485,1360,0.0,1990.0,1940.0
1485,373,0.0,1990.0,1940.0
1485,687,0.0,1990.0,1940.0
1485,1164,0.0,1990.0,1940.0
1485,461,0.0,1990.0,1940.0
1485,1270,0.0,1990.0,1940.0
1485,674,0.0,1980.0,1940.0
1485,1222,0.0,1990.0,1940.0
1485,579,0.0,1990.0,1940.0
1485,684,0.0,1990.0,1940.0
1485,296,0.0,1990.0,1940.0
1485,1556,0.0,1990.0,1940.0
1485,710,0.0,1980.0,1940.0
1485,1442,0.0,1990.0,1940.0
1485,943,0.0,1990.0,1940.0
1485,731,0.0,1990.0,1940.0
1485,1671,0.0,1990.0,1940.0
1485,1642,0.0,1990.0,1940.0
1485,1663,0.0,1990.0,1940.0
1485,951,0.0,1990.0,1940.0
1485,334,0.0,1990.0,1940.0
1485,472,0.0,1990.0,1940.0
1485,1606,0.0,1990.0,1940.0
1485,938,0.0,1990.0,1940.0
1485,749,0.0,1990.0,1940.0
1485,516,0.0,1980.0,1940.0
1485,23,0.0,1990.0,1940.0
1485,84,0.0,1990.0,1940.0
1485,750,0.0,1990.0,1940.0
1485,773,0.0,1990.0,1940.0
1485,459,0.0,1990.0,1940.0
1485,58,0.0,1990.0,1940.0
1485,474,0.0,1960.0,1940.0
1485,1291,0.0,1990.0,1940.0
1485,220,0.0,1990.0,1940.0
1485,366,0.0,1990.0,1940.0
1485,742,0.0,1990.0,1940.0
1485,1385,0.0,1990.0,1940.0
1485,908,0.0,1990.0,1940.0
1485,553,0.0,1990.0,1940.0
1485,410,0.0,1990.0,1940.0
1485,36,0.0,1990.0,1940.0
1485,1228,0.0,1990.0,1940.0
1485,412,0.0,1990.0,1940.0
1485,1628,0.0,1990.0,1940.0
1485,1133,0.0,1970.0,1940.0
1485,1071,0.0,1990.0,1940.0
1485,666,0.0,1970.0,1940.0
1485,672,0.0,1990.0,1940.0
1485,661,0.0,1950.0,1940.0
1485,394,0.0,1990.0,1940.0
1485,1212,0.0,1990.0,1940.0
1485,591,0.0,1990.0,1940.0
1485,12,0.0,1990.0,1940.0
1485,1682,0.0,1990.0,1940.0
1485,660,0.0,1990.0,1940.0
1485,873,0.0,1990.0,1940.0
1485,473,0.0,1990.0,1940.0
1485,1297,0.0,1990.0,1940.0
1485,1068,0.0,1990.0,1940.0
1485,680,0.0,1990.0,1940.0
1485,1034,0.0,1990.0,1940.0
1485,1328,0.0,1990.0,1940.0
1485,1418,0.0,1990.0,1940.0
1485,1136,0.0,1990.0,1940.0
1485,730,0.0,1990.0,1940.0
1485,262,0.0,1990.0,1940.0
1485,1664,0.0,1990.0,1940.0
1485,206,0.0,1980.0,1940.0
1485,1320,0.0,1990.0,1940.0
1485,769,0.0,1990.0,1940.0
1485,845,0.0,1990.0,1940.0
1485,1167,0.0,1990.0,1940.0
1485,700,0.0,1990.0,1940.0
1485,1448,0.0,1990.0,1940.0
1485,1066,0.0,1990.0,1940.0
1485,1048,0.0,1990.0,1940.0
1485,1214,0.0,1970.0,1940.0
1485,211,0.0,1970.0,1940.0
1485,132,0.0,1930.0,1940.0
1485,720,0.0,1990.0,1940.0
1485,50,0.0,1970.0,1940.0
1485,936,0.0,1990.0,1940.0
1485,830,0.0,1990.0,1940.0
1485,1679,0.0,1990.0,1940.0
1485,49,0.0,1990.0,1940.0
1485,770,0.0,1990.0,1940.0
1485,1399,0.0,1990.0,1940.0
1485,1543,0.0,1990.0,1940.0
1485,222,0.0,1990.0,1940.0
1485,1413,0.0,1990.0,1940.0
1485,1227,0.0,1990.0,1940.0
1530,675,5.0,1920.0,1920.0
1530,1542,5.0,1920.0,1920.0
1530,1170,0.0,1990.0,1920.0
1530,121,0.0,1990.0,1920.0
1530,478,0.0,1940.0,1920.0
1530,1307,0.0,1990.0,1920.0
1530,517,0.0,1970.0,1920.0
1530,798,0.0,1990.0,1920.0
1530,469,0.0,1990.0,1920.0
1530,1221,0.0,1990.0,1920.0
1530,991,0.0,1990.0,1920.0
1530,764,0.0,1990.0,1920.0
1530,1412,0.0,1990.0,1920.0
1530,1675,0.0,1990.0,1920.0
1530,1509,0.0,1990.0,1920.0
1530,841,0.0,1990.0,1920.0
1530,7,0.0,1990.0,1920.0
1530,1164,0.0,1990.0,1920.0
1530,119,0.0,1990.0,1920.0
1530,641,0.0,1950.0,1920.0
1530,126,0.0,1990.0,1920.0
1530,302,0.0,1990.0,1920.0
1530,1549,0.0,1990.0,1920.0
1530,1277,0.0,1990.0,1920.0
1530,1401,0.0,1990.0,1920.0
1530,735,0.0,1990.0,1920.0
1530,470,0.0,1990.0,1920.0
1530,227,0.0,1990.0,1920.0
1530,472,0.0,1990.0,1920.0
1530,258,0.0,1990.0,1920.0
1530,330,0.0,1990.0,1920.0
1530,606,0.0,1950.0,1920.0
1530,1,0.0,1990.0,1920.0
1530,1085,0.0,1990.0,1920.0
1530,1637,0.0,1990.0,1920.0
1530,482,0.0,1950.0,1920.0
1530,1557,0.0,1990.0,1920.0
1530,774,0.0,1990.0,1920.0
1530,1160,0.0,1990.0,1920.0
1530,430,0.0,1930.0,1920.0
1530,310,0.0,1990.0,1920.0
1530,880,0.0,1990.0,1920.0
1530,1493,0.0,1990.0,1920.0
1530,644,0.0,1980.0,1920.0
1530,143,0.0,1960.0,1920.0
1530,736,0.0,1990.0,1920.0
1530,377,0.0,1990.0,1920.0
1530,1622,0.0,1990.0,1920.0
1530,383,0.0,1990.0,1920.0
1530,1366,0.0,1990.0,1920.0
1530,681,0.0,1990.0,1920.0
1530,1077,0.0,1990.0,1920.0
1530,928,0.0,1990.0,1920.0
1530,668,0.0,1980.0,1920.0
1530,519,0.0,1940.0,1920.0
1530,1172,0.0,1930.0,1920.0
1530,741,0.0,1990.0,1920.0
1530,1578,0.0,1960.0,1920.0
1530,20,0.0,1990.0,1920.0
1530,352,0.0,1990.0,1920.0
1530,12,0.0,1990.0,1920.0
1530,1193,0.0,1990.0,1920.0
1530,15,0.0,1990.0,1920.0
1530,163,0.0,1970.0,1920.0
1530,952,0.0,1990.0,1920.0
1530,34,0.0,1990.0,1920.0
1530,356,0.0,1990.0,1920.0
1530,84,0.0,1990.0,1920.0
1530,1013,0.0,1990.0,1920.0
1530,1647,0.0,1990.0,1920.0
1530,145,0.0,1990.0,1920.0
1530,1264,0.0,1990.0,1920.0
1530,1655,0.0,1990.0,1920.0
1530,1627,0.0,1990.0,1920.0
1530,313,0.0,1990.0,1920.0
1530,133,0.0,1930.0,1920.0
1530,1341,0.0,1990.0,1920.0
1530,854,0.0,1980.0,1920.0
1530,193,0.0,1980.0,1920.0
1530,924,0.0,1990.0,1920.0
1530,1276,0.0,1990.0,1920.0
1530,1356,0.0,1990.0,1920.0
1530,1245,0.0,1990.0,1920.0
1530,115,0.0,1990.0,1920.0
1530,706,0.0,1990.0,1920.0
1530,1416,0.0,1990.0,1920.0
1530,1228,0.0,1990.0,1920.0
1530,1626,0.0,1990.0,1920.0
1530,1576,0.0,1980.0,1920.0
1530,1199,0.0,1990.0,1920.0
1530,416,0.0,1950.0,1920.0
1530,717,0.0,1990.0,1920.0
1530,345,0.0,1990.0,1920.0
1530,788,0.0,1990.0,1920.0
1530,1523,0.0,1990.0,1920.0
1530,1011,0.0,1990.0,1920.0
1530,496,0.0,1940.0,1920.0
1530,800,0.0,1990.0,1920.0
1530,844,0.0,1990.0,1920.0
1530,785,0.0,1990.0,1920.0
1530,110,0.0,1990.0,1920.0
1530,833,0.0,1990.0,1920.0
1530,370,0.0,1990.0,1920.0
1530,243,0.0,1990.0,1920.0
1530,458,0.0,1990.0,1920.0
1530,1340,0.0,1990.0,1920.0
1530,373,0.0,1990.0,1920.0
1530,404,0.0,1940.0,1920.0
1530,1257,0.0,1990.0,1920.0
1530,1347,0.0,1950.0,1920.0
1530,52,0.0,1990.0,1920.0
1530,994,0.0,1990.0,1920.0
1530,722,0.0,1990.0,1920.0
1530,366,0.0,1990.0,1920.0
1530,290,0.0,1990.0,1920.0
1530,1472,0.0,1990.0,1920.0
1530,156,0.0,1990.0,1920.0
1530,124,0.0,1990.0,1920.0
1530,1666,0.0,1990.0,1920.0
1530,1514,0.0,1990.0,1920.0
1530,1151,0.0,1990.0,1920.0
1530,1047,0.0,1990.0,1920.0
1530,897,0.0,1990.0,1920.0
1530,1620,0.0,1990.0,1920.0
1530,720,0.0,1990.0,1920.0
1530,1645,0.0,1990.0,1920.0
1530,670,0.0,1990.0,1920.0
1530,1004,0.0,1990.0,1920.0
1530,1336,0.0,1990.0,1920.0
1530,85,0.0,1990.0,1920.0
1530,1558,0.0,1990.0,1920.0
1530,760,0.0,1990.0,1920.0
1530,1325,0.0,1990.0,1920.0
1530,281,0.0,1990.0,1920.0
1530,507,0.0,1950.0,1920.0
1530,1385,0.0,1990.0,1920.0
1530,617,0.0,1930.0,1920.0
1530,1317,0.0,1990.0,1920.0
1530,3,0.0,1990.0,1920.0
1530,776,0.0,1990.0,1920.0
1530,218,0.0,1990.0,1920.0
1530,209,0.0,1980.0,1920.0
1530,279,0.0,1990.0,1920.0
1530,1606,0.0,1990.0,1920.0
1530,1210,0.0,1990.0,1920.0
1530,807,0.0,1990.0,1920.0
1530,1103,0.0,1990.0,1920.0
1530,488,0.0,1950.0,1920.0
1530,560,0.0,1990.0,1920.0
1530,1162,0.0,1990.0,1920.0
1530,864,0.0,1990.0,1920.0
1530,511,0.0,1960.0,1920.0
1530,50,0.0,1970.0,1920.0
1530,1433,0.0,1990.0,1920.0
1530,1091,0.0,1970.0,1920.0
1530,1222,0.0,1990.0,1920.0
1530,87,0.0,1990.0,1920.0
1530,1244,0.0,1990.0,1920.0
1530,1216,0.0,1990.0,1920.0
1530,983,0.0,1990.0,1920.0
1530,176,0.0,1980.0,1920.0
1530,998,0.0,1990.0,1920.0
1530,1423,0.0,1990.0,1920.0
1530,1320,0.0,1990.0,1920.0
1530,92,0.0,1990.0,1920.0
1530,1214,0.0,1970.0,1920.0
1530,1324,0.0,1990.0,1920.0
1530,1638,0.0,1990.0,1920.0
1530,387,0.0,1990.0,1920.0
1530,1117,0.0,1990.0,1920.0
1530,550,0.0,1990.0,1920.0
1530,885,0.0,1990.0,1920.0
1530,453,0.0,1980.0,1920.0
1530,905,0.0,1990.0,1920.0
1530,710,0.0,1980.0,1920.0
1530,475,0.0,1990.0,1920.0
1530,629,0.0,1980.0,1920.0
1530,166,0.0,1980.0,1920.0
1530,981,0.0,1990.0,1920.0
1530,1531,0.0,1990.0,1920.0
1530,830,0.0,1990.0,1920.0
1530,1058,0.0,1990.0,1920.0
1530,1267,0.0,1990.0,1920.0
1530,588,0.0,1990.0,1920.0
1530,278,0.0,1990.0,1920.0
1530,1089,0.0,1990.0,1920.0
1530,46,0.0,1990.0,1920.0
1530,868,0.0,1990.0,1920.0
1530,419,0.0,1960.0,1920.0
1530,495,0.0,1950.0,1920.0
1530,882,0.0,1990.0,1920.0
1530,650,0.0,1950.0,1920.0
1530,1289,0.0,1990.0,1920.0
1530,1670,0.0,1990.0,1920.0
1530,1045,0.0,1990.0,1920.0
1530,1213,0.0,1990.0,1920.0
1530,382,0.0,1990.0,1920.0
1530,1109,0.0,1990.0,1920.0
1530,1507,0.0,1990.0,1920.0
1530,449,0.0,1970.0,1920.0
1530,598,0.0,1990.0,1920.0
1530,708,0.0,1980.0,1920.0
1530,540,0.0,1990.0,1920.0
1530,1083,0.0,1990.0,1920.0
1530,13,0.0,1990.0,1920.0
1530,391,0.0,1990.0,1920.0
1530,1187,0.0,1970.0,1920.0
1530,1097,0.0,1990.0,1920.0
1530,253,0.0,1990.0,1920.0
1530,883,0.0,1990.0,1920.0
1530,426,0.0,1980.0,1920.0
1530,1014,0.0,1990.0,1920.0
1530,180,0.0,1970.0,1920.0
1530,1313,0.0,1990.0,1920.0
1530,1602,0.0,1990.0,1920.0
1530,541,0.0,1990.0,1920.0
1530,1420,0.0,1990.0,1920.0
1530,874,0.0,1990.0,1920.0
1530,523,0.0,1960.0,1920.0
1530,851,0.0,1960.0,1920.0
1530,120,0.0,1990.0,1920.0
1530,607,0.0,1940.0,1920.0
1530,712,0.0,1980.0,1920.0
1530,1211,0.0,1990.0,1920.0
1530,988,0.0,1990.0,1920.0
1530,895,0.0,1990.0,1920.0
1530,1475,0.0,1990.0,1920.0
1530,1056,0.0,1990.0,1920.0
1530,1153,0.0,1990.0,1920.0
1530,80,0.0,1990.0,1920.0
1530,630,0.0,1960.0,1920.0
1530,1485,0.0,1990.0,1920.0
1530,1022,0.0,1990.0,1920.0
1530,1043,0.0,1990.0,1920.0
1530,71,0.0,1990.0,1920.0
1530,1654,0.0,1990.0,1920.0
1530,492,0.0,1950.0,1920.0
1530,187,0.0,1970.0,1920.0
1616,675,5.0,1920.0,1920.0
1616,1542,5.0,1920.0,1920.0
1616,1036,0.0,1990.0,1920.0
1616,870,0.0,1990.0,1920.0
1616,1281,0.0,1990.0,1920.0
1616,1101,0.0,1990.0,1920.0
1616,1495,0.0,1990.0,1920.0
1616,1248,0.0,1990.0,1920.0
1616,1481,0.0,1990.0,1920.0
1616,771,0.0,1990.0,1920.0
1616,223,0.0,1990.0,1920.0
1616,1354,0.0,1990.0,1920.0
1616,1119,0.0,1980.0,1920.0
1616,854,0.0,1980.0,1920.0
1616,1412,0.0,1990.0,1920.0
1616,1221,0.0,1990.0,1920.0
1616,166,0.0,1980.0,1920.0
1616,721,0.0,1990.0,1920.0
1616,1561,0.0,1990.0,1920.0
1616,1418,0.0,1990.0,1920.0
1616,874,0.0,1990.0,1920.0
1616,837,0.0,1940.0,1920.0
1616,1010,0.0,1990.0,1920.0
1616,997,0.0,1990.0,1920.0
1616,1502,0.0,1990.0,1920.0
1616,530,0.0,1970.0,1920.0
1616,720,0.0,1990.0,1920.0
1616,1597,0.0,1990.0,1920.0
1616,172,0.0,1980.0,1920.0
1616,886,0.0,1990.0,1920.0
1616,1094,0.0,1990.0,1920.0
1616,617,0.0,1930.0,1920.0
1616,1014,0.0,1990.0,1920.0
1616,807,0.0,1990.0,1920.0
1616,759,0.0,1990.0,1920.0
1616,1311,0.0,1990.0,1920.0
1616,1378,0.0,1990.0,1920.0
1616,784,0.0,1990.0,1920.0
1616,1587,0.0,1950.0,1920.0
1616,1268,0.0,1990.0,1920.0
1616,174,0.0,1980.0,1920.0
1616,359,0.0,1990.0,1920.0
1616,1521,0.0,1990.0,1920.0
1616,112,0.0,1990.0,1920.0
1616,1285,0.0,1990.0,1920.0
1616,597,0.0,1990.0,1920.0
1616,527,0.0,1980.0,1920.0
1616,1258,0.0,1990.0,1920.0
1616,1600,0.0,1990.0,1920.0
1616,1044,0.0,1990.0,1920.0
1616,1043,0.0,1990.0,1920.0
1616,452,0.0,1970.0,1920.0
1616,51,0.0,1990.0,1920.0
1616,1366,0.0,1990.0,1920.0
1616,611,0.0,1940.0,1920.0
1616,193,0.0,1980.0,1920.0
1616,1266,0.0,1970.0,1920.0
1616,1327,0.0,1990.0,1920.0
1616,713,0.0,1990.0,1920.0
1616,1460,0.0,1990.0,1920.0
1616,1166,0.0,1990.0,1920.0
1616,386,0.0,1990.0,1920.0
1616,1593,0.0,1990.0,1920.0
1616,342,0.0,1990.0,1920.0
1616,170,0.0,1980.0,1920.0
1616,976,0.0,1990.0,1920.0
1616,1118,0.0,1970.0,1920.0
1616,1604,0.0,1940.0,1920.0
1616,789,0.0,1990.0,1920.0
1616,1207,0.0,1990.0,1920.0
1616,876,0.0,1990.0,1920.0
1616,991,0.0,1990.0,1920.0
1616,412,0.0,1990.0,1920.0
1616,948,0.0,1990.0,1920.0
1616,1347,0.0,1950.0,1920.0
1616,935,0.0,1990.0,1920.0
1616,1290,0.0,1990.0,1920.0
1616,978,0.0,1990.0,1920.0
1616,482,0.0,1950.0,1920.0
1616,735,0.0,1990.0,1920.0
1616,446,0.0,1970.0,1920.0
1616,686,0.0,1990.0,1920.0
1616,1053,0.0,1990.0,1920.0
1616,733,0.0,1990.0,1920.0
1616,308,0.0,1990.0,1920.0
1616,56,0.0,1990.0,1920.0
1616,1159,0.0,1970.0,1920.0
1616,1071,0.0,1990.0,1920.0
1616,196,0.0,1980.0,1920.0
1616,102,0.0,1970.0,1920.0
1616,1261,0.0,1990.0,1920.0
1616,552,0.0,1990.0,1920.0
1616,960,0.0,1990.0,1920.0
1616,1353,0.0,1990.0,1920.0
1616,852,0.0,1990.0,1920.0
1616,219,0.0,1980.0,1920.0
1616,240,0.0,1990.0,1920.0
1616,524,0.0,1940.0,1920.0
1616,579,0.0,1990.0,1920.0
1616,1432,0.0,1990.0,1920.0
1616,1256,0.0,1990.0,1920.0
1616,1375,0.0,1990.0,1920.0
1616,235,0.0,1990.0,1920.0
1616,1020,0.0,1940.0,1920.0
1616,1338,0.0,1990.0,1920.0
1616,642,0.0,1990.0,1920.0
1616,1297,0.0,1990.0,1920.0
1616,1469,0.0,1990.0,1920.0
1616,333,0.0,1990.0,1920.0
1616,13,0.0,1990.0,1920.0
1616,715,0.0,1990.0,1920.0
1616,1227,0.0,1990.0,1920.0
1616,606,0.0,1950.0,1920.0
1616,1288,0.0,1990.0,1920.0
1616,719,0.0,1990.0,1920.0
1616,1091,0.0,1970.0,1920.0
1616,639,0.0,1970.0,1920.0
1616,326,0.0,1990.0,1920.0
1616,680,0.0,1990.0,1920.0
1616,792,0.0,1990.0,1920.0
1616,1194,0.0,1990.0,1920.0
1616,1021,0.0,1960.0,1920.0
1616,433,0.0,1980.0,1920.0
1616,1330,0.0,1990.0,1920.0
1616,478,0.0,1940.0,1920.0
1616,374,0.0,1990.0,1920.0
1616,1605,0.0,1990.0,1920.0
1616,974,0.0,1990.0,1920.0
1616,1422,0.0,1990.0,1920.0
1616,1627,0.0,1990.0,1920.0
1616,146,0.0,1990.0,1920.0
1616,835,0.0,1930.0,1920.0
1616,744,0.0,1990.0,1920.0
1616,1135,0.0,1990.0,1920.0
1616,1543,0.0,1990.0,1920.0
1616,655,0.0,1980.0,1920.0
1677,978,5.0,1990.0,1990.0
1677,392,5.0,1990.0,1990.0
1677,1675,5.0,1990.0,1990.0
1677,725,5.0,1990.0,1990.0
1677,849,5.0,1990.0,1990.0
1677,1193,5.0,1990.0,1990.0
1677,1637,5.0,1990.0,1990.0
1677,397,5.0,1990.0,1990.0
1677,696,5.0,1990.0,1990.0
1677,1384,5.0,1990.0,1990.0
1677,782,5.0,1990.0,1990.0
1677,980,5.0,1990.0,1990.0
1677,824,5.0,1990.0,1990.0
1677,944,5.0,1990.0,1990.0
1677,1224,5.0,1990.0,1990.0
1677,789,5.0,1990.0,1990.0
1677,103,5.0,1990.0,1990.0
1677,332,5.0,1990.0,1990.0
1677,1430,5.0,1990.0,1990.0
1677,1499,5.0,1990.0,1990.0
1677,264,5.0,1990.0,1990.0
1677,297,5.0,1990.0,1990.0
1677,388,5.0,1990.0,1990.0
1677,805,5.0,1990.0,1990.0
1677,184,5.0,1990.0,1990.0
1677,1285,5.0,1990.0,1990.0
1677,723,5.0,1990.0,1990.0
1677,580,5.0,1990.0,1990.0
1677,1594,5.0,1990.0,1990.0
1677,1055,5.0,1990.0,1990.0
1677,587,5.0,1990.0,1990.0
1677,1237,5.0,1990.0,1990.0
1677,1211,5.0,1990.0,1990.0
1677,568,5.0,1990.0,1990.0
1677,350,5.0,1990.0,1990.0
1677,750,5.0,1990.0,1990.0
1677,1130,5.0,1990.0,1990.0
1677,786,5.0,1990.0,1990.0
1677,1668,5.0,1990.0,1990.0
1677,1074,5.0,1990.0,1990.0
1677,747,5.0,1990.0,1990.0
1677,1655,5.0,1990.0,1990.0
1677,387,5.0,1990.0,1990.0
1677,412,5.0,1990.0,1990.0
1677,902,5.0,1990.0,1990.0
1677,242,5.0,1990.0,1990.0
1677,1520,5.0,1990.0,1990.0
1677,1353,5.0,1990.0,1990.0
1677,324,5.0,1990.0,1990.0
1677,1662,5.0,1990.0,1990.0
1677,652,5.0,1990.0,1990.0
1677,1049,5.0,1990.0,1990.0
1677,1549,5.0,1990.0,1990.0
1677,1192,5.0,1990.0,1990.0
1677,1654,5.0,1990.0,1990.0
1677,876,5.0,1990.0,1990.0
1677,820,5.0,1990.0,1990.0
1677,1364,5.0,1990.0,1990.0
1677,1008,5.0,1990.0,1990.0
1677,1559,5.0,1990.0,1990.0
1677,463,5.0,1990.0,1990.0
1677,692,5.0,1990.0,1990.0
1677,889,5.0,1990.0,1990.0
1677,112,5.0,1990.0,1990.0
1677,878,5.0,1990.0,1990.0
1677,713,5.0,1990.0,1990.0
1677,865,5.0,1990.0,1990.0
1677,370,5.0,1990.0,1990.0
1677,550,5.0,1990.0,1990.0
1677,1173,5.0,1990.0,1990.0
1677,631,5.0,1990.0,1990.0
1677,1264,5.0,1990.0,1990.0
1677,6,5.0,1990.0,1990.0
1677,1626,5.0,1990.0,1990.0
1677,252,5.0,1990.0,1990.0
1677,1324,5.0,1990.0,1990.0
1677,724,5.0,1990.0,1990.0
1677,544,5.0,1990.0,1990.0
1677,87,5.0,1990.0,1990.0
1677,931,5.0,1990.0,1990.0
1677,49,5.0,1990.0,1990.0
1677,63,5.0,1990.0,1990.0
1677,1166,5.0,1990.0,1990.0
1677,518,5.0,1990.0,1990.0
1677,703,5.0,1990.0,1990.0
1677,411,5.0,1990.0,1990.0
1677,669,5.0,1990.0,1990.0
1677,471,5.0,1990.0,1990.0
1677,82,5.0,1990.0,1990.0
1677,537,5.0,1990.0,1990.0
1677,1371,5.0,1990.0,1990.0
1677,885,5.0,1990.0,1990.0
1677,1664,5.0,1990.0,1990.0
1677,1678,5.0,1990.0,1990.0
1677,996,5.0,1990.0,1990.0
1677,1107,5.0,1990.0,1990.0
1677,203,5.0,1990.0,1990.0
1677,594,5.0,1990.0,1990.0
1677,1598,5.0,1990.0,1990.0
1677,560,5.0,1990.0,1990.0
1677,738,5.0,1990.0,1990.0
1677,1094,5.0,1990.0,1990.0
1677,1290,5.0,1990.0,1990.0
1677,761,5.0,1990.0,1990.0
1677,225,5.0,1990.0,1990.0
1677,367,5.0,1990.0,1990.0
1677,470,5.0,1990.0,1990.0
1677,1445,5.0,1990.0,1990.0
1677,694,5.0,1990.0,1990.0
1677,683,5.0,1990.0,1990.0
1677,318,5.0,1990.0,1990.0
1677,276,5.0,1990.0,1990.0
1677,1302,5.0,1990.0,1990.0
1677,78,5.0,1990.0,1990.0
1677,83,5.0,1990.0,1990.0
1677,35,5.0,1990.0,1990.0
1677,1296,5.0,1990.0,1990.0
1677,1138,5.0,1990.0,1990.0
1677,1275,5.0,1990.0,1990.0
1677,952,5.0,1990.0,1990.0
1677,149,5.0,1990.0,1990.0
1677,1342,5.0,1990.0,1990.0
1677,1377,5.0,1990.0,1990.0
1677,93,5.0,1990.0,1990.0
1677,1402,5.0,1990.0,1990.0
1677,581,5.0,1990.0,1990.0
1677,325,5.0,1990.0,1990.0
1677,1174,5.0,1990.0,1990.0
1677,246,5.0,1990.0,1990.0
1677,148,5.0,1990.0,1990.0
1677,11,5.0,1990.0,1990.0
1677,52,5.0,1990.0,1990.0
1677,1297,5.0,1990.0,1990.0
1677,1355,5.0,1990.0,1990.0
1677,168,0.0,1970.0,1990.0
1677,1453,0.0,1940.0,1990.0
1677,165,0.0,1980.0,1990.0
1677,228,0.0,1980.0,1990.0
1677,679,0.0,1980.0,1990.0
1677,195,0.0,1980.0,1990.0
1677,200,0.0,1980.0,1990.0
1677,211,0.0,1970.0,1990.0
1677,446,0.0,1970.0,1990.0
1677,675,0.0,1920.0,1990.0
1677,1187,0.0,1970.0,1990.0
1677,50,0.0,1970.0,1990.0
1677,177,0.0,1960.0,1990.0
1677,649,0.0,1980.0,1990.0
1677,187,0.0,1970.0,1990.0
1677,423,0.0,1980.0,1990.0
1677,746,0.0,1980.0,1990.0
1677,486,0.0,1950.0,1990.0
1677,1203,0.0,1930.0,1990.0
1677,843,0.0,1950.0,1990.0
1677,234,0.0,1970.0,1990.0
1677,141,0.0,1950.0,1990.0
1677,1571,0.0,1970.0,1990.0
1677,481,0.0,1960.0,1990.0
1677,163,0.0,1970.0,1990.0
1677,193,0.0,1980.0,1990.0
1677,1455,0.0,1940.0,1990.0
1677,1286,0.0,1930.0,1990.0
1677,1301,0.0,1980.0,1990.0
1677,656,0.0,1930.0,1990.0
1677,671,0.0,1930.0,1990.0
1677,705,0.0,1950.0,1990.0
1677,1569,0.0,1980.0,1990.0
1677,650,0.0,1950.0,1990.0
1677,445,0.0,1940.0,1990.0
1677,509,0.0,1980.0,1990.0
1677,855,0.0,1980.0,1990.0
1677,521,0.0,1970.0,1990.0
1677,494,0.0,1940.0,1990.0
1677,133,0.0,1930.0,1990.0
1677,664,0.0,1980.0,1990.0
1677,607,0.0,1940.0,1990.0
1677,835,0.0,1930.0,1990.0
1677,622,0.0,1960.0,1990.0
1677,1560,0.0,1980.0,1990.0
1677,448,0.0,1970.0,1990.0
1677,176,0.0,1980.0,1990.0
1677,1579,0.0,1980.0,1990.0
1677,673,0.0,1960.0,1990.0
1677,520,0.0,1960.0,1990.0
1677,1461,0.0,1930.0,1990.0
1677,510,0.0,1950.0,1990.0
1677,139,0.0,1960.0,1990.0
1677,213,0.0,1980.0,1990.0
1677,489,0.0,1940.0,1990.0
1677,615,0.0,1930.0,1990.0
1677,429,0.0,1950.0,1990.0
1677,635,0.0,1980.0,1990.0
1677,822,0.0,1960.0,1990.0
1677,1583,0.0,1980.0,1990.0
1677,197,0.0,1960.0,1990.0
1677,185,0.0,1960.0,1990.0
1677,625,0.0,1960.0,1990.0
1677,1172,0.0,1930.0,1990.0
1677,640,0.0,1980.0,1990.0
1677,1573,0.0,1960.0,1990.0
1677,101,0.0,1980.0,1990.0
1677,134,0.0,1940.0,1990.0
1677,1674,0.0,1960.0,1990.0
1677,1411,0.0,1960.0,1990.0
1677,504,0.0,1960.0,1990.0
1677,499,0.0,1950.0,1990.0
1677,99,0.0,1930.0,1990.0
1677,1404,0.0,1980.0,1990.0
1677,1604,0.0,1940.0,1990.0
1677,1124,0.0,1930.0,1990.0
1677,496,0.0,1940.0,1990.0
1677,1126,0.0,1950.0,1990.0
1677,636,0.0,1980.0,1990.0
1677,639,0.0,1970.0,1990.0
1677,132,0.0,1930.0,1990.0
1677,1159,0.0,1970.0,1990.0
1677,529,0.0,1980.0,1990.0
1677,1154,0.0,1960.0,1990.0
1677,624,0.0,1940.0,1990.0
1677,232,0.0,1980.0,1990.0
1677,1542,0.0,1920.0,1990.0
1677,1614,0.0,1950.0,1990.0
1677,1587,0.0,1950.0,1990.0
1677,487,0.0,1950.0,1990.0
1677,479,0.0,1950.0,1990.0
1677,453,0.0,1980.0,1990.0
1677,617,0.0,1930.0,1990.0
1677,1635,0.0,1980.0,1990.0
1677,626,0.0,1940.0,1990.0
1677,433,0.0,1980.0,1990.0
1677,968,0.0,1940.0,1990.0
1677,167,0.0,1980.0,1990.0
1677,502,0.0,1970.0,1990.0
1677,661,0.0,1950.0,1990.0
1677,435,0.0,1960.0,1990.0
1677,648,0.0,1950.0,1990.0
1677,215,0.0,1980.0,1990.0
1677,1580,0.0,1930.0,1990.0
1677,205,0.0,1970.0,1990.0
1677,667,0.0,1970.0,1990.0
1677,946,0.0,1980.0,1990.0
1677,654,0.0,1970.0,1990.0
1677,662,0.0,1980.0,1990.0
1677,206,0.0,1980.0,1990.0
1677,166,0.0,1980.0,1990.0
1677,158,0.0,1980.0,1990.0
1677,657,0.0,1960.0,1990.0
1677,842,0.0,1960.0,1990.0
1677,1266,0.0,1970.0,1990.0
1677,945,0.0,1960.0,1990.0
1677,440,0.0,1980.0,1990.0
1677,144,0.0,1980.0,1990.0
1677,663,0.0,1970.0,1990.0
1677,1347,0.0,1950.0,1990.0
1677,175,0.0,1980.0,1990.0
1677,609,0.0,1950.0,1990.0
1677,616,0.0,1960.0,1990.0
1677,517,0.0,1970.0,1990.0
1677,601,0.0,1940.0,1990.0
1677,638,0.0,1980.0,1990.0
1677,219,0.0,1980.0,1990.0
1677,196,0.0,1980.0,1990.0
1677,157,0.0,1980.0,1990.0
1677,614,0.0,1950.0,1990.0
1677,512,0.0,1980.0,1990.0
1677,1374,0.0,1980.0,1990.0
1677,1298,0.0,1950.0,1990.0
1677,653,0.0,1950.0,1990.0
1677,1546,0.0,1980.0,1990.0
1677,143,0.0,1960.0,1990.0
1677,528,0.0,1980.0,1990.0
1677,967,0.0,1930.0,1990.0
1677,188,0.0,1980.0,1990.0
1677,1451,0.0,1940.0,1990.0
1677,1299,0.0,1940.0,1990.0
1677,1572,0.0,1980.0,1990.0
1677,965,0.0,1950.0,1990.0
1677,153,0.0,1980.0,1990.0
1677,525,0.0,1940.0,1990.0
1677,1118,0.0,1970.0,1990.0
1677,1582,0.0,1940.0,1990.0
1677,602,0.0,1950.0,1990.0
1677,848,0.0,1940.0,1990.0
1677,708,0.0,1980.0,1990.0
1677,452,0.0,1970.0,1990.0
1677,1476,0.0,1940.0,1990.0
1677,505,0.0,1950.0,1990.0
1677,1123,0.0,1950.0,1990.0
1677,162,0.0,1980.0,1990.0
1677,507,0.0,1950.0,1990.0
1677,102,0.0,1970.0,1990.0
1677,89,0.0,1980.0,1990.0
1677,604,0.0,1930.0,1990.0
1677,630,0.0,1960.0,1990.0
1677,485,0.0,1960.0,1990.0
1677,1020,0.0,1940.0,1990.0
1677,1456,0.0,1950.0,1990.0
1677,651,0.0,1980.0,1990.0
1677,666,0.0,1970.0,1990.0
1773,608,5.0,1940.0,1940.0
1773,601,5.0,1940.0,1940.0
1773,1451,5.0,1940.0,1940.0
1773,848,5.0,1940.0,1940.0
1773,1604,5.0,1940.0,1940.0
1773,1310,5.0,1940.0,1940.0
1773,478,5.0,1940.0,1940.0
1773,524,5.0,1940.0,1940.0
1773,501,5.0,1940.0,1940.0
1773,445,5.0,1940.0,1940.0
1773,624,5.0,1940.0,1940.0
1773,1050,5.0,1940.0,1940.0
1773,1350,5.0,1940.0,1940.0
1773,1566,5.0,1940.0,1940.0
1773,837,5.0,1940.0,1940.0
1773,1116,5.0,1940.0,1940.0
1773,1450,5.0,1940.0,1940.0
1773,484,5.0,1940.0,1940.0
1773,1476,5.0,1940.0,1940.0
1773,134,5.0,1940.0,1940.0
1773,489,5.0,1940.0,1940.0
1773,513,5.0,1940.0,1940.0
1773,1299,5.0,1940.0,1940.0
1773,968,5.0,1940.0,1940.0
1773,659,5.0,1940.0,1940.0
1773,519,5.0,1940.0,1940.0
1773,483,5.0,1940.0,1940.0
1773,525,5.0,1940.0,1940.0
1773,607,5.0,1940.0,1940.0
1773,496,5.0,1940.0,1940.0
1773,1020,5.0,1940.0,1940.0
1773,404,5.0,1940.0,1940.0
1773,1204,5.0,1940.0,1940.0
1773,626,5.0,1940.0,1940.0
1773,1584,5.0,1940.0,1940.0
1773,1064,5.0,1940.0,1940.0
1773,611,5.0,1940.0,1940.0
1773,1455,5.0,1940.0,1940.0
1773,1452,5.0,1940.0,1940.0
1773,1454,5.0,1940.0,1940.0
1773,1582,5.0,1940.0,1940.0
1773,432,5.0,1940.0,1940.0
1773,1453,5.0,1940.0,1940.0
1773,907,0.0,1990.0,1940.0
1773,266,0.0,1990.0,1940.0
1773,1335,0.0,1990.0,1940.0
1773,1542,0.0,1920.0,1940.0
1773,735,0.0,1990.0,1940.0
1773,1301,0.0,1980.0,1940.0
1773,987,0.0,1990.0,1940.0
1773,1527,0.0,1990.0,1940.0
1773,1444,0.0,1960.0,1940.0
1773,962,0.0,1990.0,1940.0
1773,1653,0.0,1990.0,1940.0
1773,454,0.0,1990.0,1940.0
1773,383,0.0,1990.0,1940.0
1773,144,0.0,1980.0,1940.0
1773,177,0.0,1960.0,1940.0
1773,695,0.0,1990.0,1940.0
1773,925,0.0,1990.0,1940.0
1773,95,0.0,1990.0,1940.0
1773,1110,0.0,1990.0,1940.0
1773,816,0.0,1990.0,1940.0
1773,1405,0.0,1990.0,1940.0
1773,396,0.0,1990.0,1940.0
1773,222,0.0,1990.0,1940.0
1773,1172,0.0,1930.0,1940.0
1773,1377,0.0,1990.0,1940.0
1773,548,0.0,1990.0,1940.0
1773,464,0.0,1990.0,1940.0
1773,1432,0.0,1990.0,1940.0
1773,429,0.0,1950.0,1940.0
1773,1495,0.0,1990.0,1940.0
1773,1036,0.0,1990.0,1940.0
1773,492,0.0,1950.0,1940.0
1773,313,0.0,1990.0,1940.0
1773,683,0.0,1990.0,1940.0
1773,99,0.0,1930.0,1940.0
1773,1330,0.0,1990.0,1940.0
1773,439,0.0,1990.0,1940.0
1773,1464,0.0,1990.0,1940.0
1773,991,0.0,1990.0,1940.0
1773,1385,0.0,1990.0,1940.0
1773,47,0.0,1990.0,1940.0
1773,976,0.0,1990.0,1940.0
1773,38,0.0,1990.0,1940.0
1773,1487,0.0,1990.0,1940.0
1773,1585,0.0,1990.0,1940.0
1773,165,0.0,1980.0,1940.0
1773,636,0.0,1980.0,1940.0
1773,161,0.0,1980.0,1940.0
1773,1004,0.0,1990.0,1940.0
1773,1134,0.0,1990.0,1940.0
1773,424,0.0,1990.0,1940.0
1773,234,0.0,1970.0,1940.0
1773,666,0.0,1970.0,1940.0
1773,1264,0.0,1990.0,1940.0
1773,156,0.0,1990.0,1940.0
1773,1318,0.0,1990.0,1940.0
1773,1227,0.0,1990.0,1940.0
1773,1142,0.0,1990.0,1940.0
1773,936,0.0,1990.0,1940.0
1773,1354,0.0,1990.0,1940.0
1773,1166,0.0,1990.0,1940.0
1773,873,0.0,1990.0,1940.0
1773,543,0.0,1990.0,1940.0
1773,179,0.0,1970.0,1940.0
1773,1328,0.0,1990.0,1940.0
1773,532,0.0,1990.0,1940.0
1847,420,5.0,1950.0,1950.0
1847,614,5.0,1950.0,1950.0
1847,966,5.0,1950.0,1950.0
1847,492,5.0,1950.0,1950.0
1847,506,5.0,1950.0,1950.0
1847,1200,5.0,1950.0,1950.0
1847,618,5.0,1950.0,1950.0
1847,1369,5.0,1950.0,1950.0
1847,480,5.0,1950.0,1950.0
1847,610,5.0,1950.0,1950.0
1847,505,5.0,1950.0,1950.0
1847,416,5.0,1950.0,1950.0
1847,603,5.0,1950.0,1950.0
1847,653,5.0,1950.0,1950.0
1847,178,5.0,1950.0,1950.0
1847,1587,5.0,1950.0,1950.0
1847,1298,5.0,1950.0,1950.0
1847,1126,5.0,1950.0,1950.0
1847,868,0.0,1990.0,1950.0
1847,361,0.0,1990.0,1950.0
1847,567,0.0,1990.0,1950.0
1847,780,0.0,1990.0,1950.0
1847,727,0.0,1990.0,1950.0
1847,288,0.0,1990.0,1950.0
1847,423,0.0,1980.0,1950.0
1847,1229,0.0,1990.0,1950.0
1847,1113,0.0,1990.0,1950.0
1847,362,0.0,1990.0,1950.0
1847,4,0.0,1990.0,1950.0
1847,6,0.0,1990.0,1950.0
1847,931,0.0,1990.0,1950.0
1847,1121,0.0,1990.0,1950.0
1847,1288,0.0,1990.0,1950.0
1847,309,0.0,1990.0,1950.0
1847,47,0.0,1990.0,1950.0
1847,1539,0.0,1990.0,1950.0
1847,463,0.0,1990.0,1950.0
1847,1650,0.0,1990.0,1950.0
1847,806,0.0,1990.0,1950.0
1847,81,0.0,1990.0,1950.0
1847,1164,0.0,1990.0,1950.0
1847,982,0.0,1990.0,1950.0
1847,53,0.0,1990.0,1950.0
1847,458,0.0,1990.0,1950.0
1847,1090,0.0,1990.0,1950.0
1847,174,0.0,1980.0,1950.0
1847,681,0.0,1990.0,1950.0
1847,1556,0.0,1990.0,1950.0
1847,448,0.0,1970.0,1950.0
1847,159,0.0,1990.0,1950.0
1847,1399,0.0,1990.0,1950.0
1847,441,0.0,1970.0,1950.0
1847,197,0.0,1960.0,1950.0
1847,1263,0.0,1990.0,1950.0
1847,765,0.0,1990.0,1950.0
1847,554,0.0,1990.0,1950.0
1847,262,0.0,1990.0,1950.0
1847,834,0.0,1990.0,1950.0
1847,1450,0.0,1940.0,1950.0
1847,881,0.0,1990.0,1950.0
1847,29,0.0,1990.0,1950.0
1847,821,0.0,1990.0,1950.0
1847,1607,0.0,1990.0,1950.0
1847,1462,0.0,1990.0,1950.0
1847,707,0.0,1990.0,1950.0
1847,1493,0.0,1990.0,1950.0
1847,1423,0.0,1990.0,1950.0
1847,1264,0.0,1990.0,1950.0
1847,513,0.0,1940.0,1950.0
1847,437,0.0,1990.0,1950.0
1847,1641,0.0,1990.0,1950.0
1847,1569,0.0,1980.0,1950.0
1847,581,0.0,1990.0,1950.0
1847,588,0.0,1990.0,1950.0
1847,1331,0.0,1990.0,1950.0
1847,332,0.0,1990.0,1950.0
1853,756,5.0,1990.0,1990.0
1853,738,5.0,1990.0,1990.0
1853,1394,5.0,1990.0,1990.0
1853,19,5.0,1990.0,1990.0
1853,1430,5.0,1990.0,1990.0
1853,1678,5.0,1990.0,1990.0
1853,982,5.0,1990.0,1990.0
1853,1030,5.0,1990.0,1990.0
1853,1355,5.0,1990.0,1990.0
1853,1016,5.0,1990.0,1990.0
1853,256,5.0,1990.0,1990.0
1853,1300,5.0,1990.0,1990.0
1853,1464,5.0,1990.0,1990.0
1853,1514,5.0,1990.0,1990.0
1853,1491,5.0,1990.0,1990.0
1853,202,5.0,1990.0,1990.0
1853,1168,5.0,1990.0,1990.0
1853,21,5.0,1990.0,1990.0
1853,803,5.0,1990.0,1990.0
1853,1517,5.0,1990.0,1990.0
1853,1048,5.0,1990.0,1990.0
1853,1486,5.0,1990.0,1990.0
1853,1189,5.0,1990.0,1990.0
1853,597,5.0,1990.0,1990.0
1853,1352,0.0,1970.0,1990.0
1853,238,0.0,1980.0,1990.0
1853,1309,0.0,1970.0,1990.0
1853,1569,0.0,1980.0,1990.0
1853,232,0.0,1980.0,1990.0
1853,419,0.0,1960.0,1990.0
1853,484,0.0,1940.0,1990.0
1853,1065,0.0,1980.0,1990.0
1853,1581,0.0,1950.0,1990.0
1853,1122,0.0,1930.0,1990.0
1853,187,0.0,1970.0,1990.0
1853,74,0.0,1960.0,1990.0
1853,525,0.0,1940.0,1990.0
1853,448,0.0,1970.0,1990.0
1853,432,0.0,1940.0,1990.0
1853,589,0.0,1960.0,1990.0
1853,1116,0.0,1940.0,1990.0
1853,190,0.0,1980.0,1990.0
1853,528,0.0,1980.0,1990.0
1853,433,0.0,1980.0,1990.0
1853,447,0.0,1970.0,1990.0
1853,420,0.0,1950.0,1990.0
1853,1203,0.0,1930.0,1990.0
1853,662,0.0,1980.0,1990.0
1853,507,0.0,1950.0,1990.0
1853,512,0.0,1980.0,1990.0
1853,485,0.0,1960.0,1990.0
1853,1454,0.0,1940.0,1990.0
1853,1126,0.0,1950.0,1990.0
1853,650,0.0,1950.0,1990.0
1853,212,0.0,1980.0,1990.0
1853,134,0.0,1940.0,1990.0
1853,1123,0.0,1950.0,1990.0
1853,602,0.0,1950.0,1990.0
1853,1037,0.0,1980.0,1990.0
1853,219,0.0,1980.0,1990.0
1853,705,0.0,1950.0,1990.0
1853,653,0.0,1950.0,1990.0
1853,438,0.0,1980.0,1990.0
1853,611,0.0,1940.0,1990.0
1853,649,0.0,1980.0,1990.0
1853,521,0.0,1970.0,1990.0
1853,648,0.0,1950.0,1990.0
1853,199,0.0,1950.0,1990.0
1853,102,0.0,1970.0,1990.0
1853,1118,0.0,1970.0,1990.0
1853,647,0.0,1980.0,1990.0
1853,170,0.0,1980.0,1990.0
1853,155,0.0,1980.0,1990.0
1853,651,0.0,1980.0,1990.0
1853,213,0.0,1980.0,1990.0
1853,1480,0.0,1970.0,1990.0
1853,504,0.0,1960.0,1990.0
1853,1269,0.0,1950.0,1990.0
1853,474,0.0,1960.0,1990.0
1853,1584,0.0,1940.0,1990.0
1853,452,0.0,1970.0,1990.0
1853,664,0.0,1980.0,1990.0
1853,638,0.0,1980.0,1990.0
1853,946,0.0,1980.0,1990.0
1853,616,0.0,1960.0,1990.0
1853,511,0.0,1960.0,1990.0
1853,712,0.0,1980.0,1990.0
1853,641,0.0,1950.0,1990.0
1853,132,0.0,1930.0,1990.0
1853,1154,0.0,1960.0,1990.0
1853,131,0.0,1960.0,1990.0
1853,491,0.0,1930.0,1990.0
1853,1526,0.0,1980.0,1990.0
1853,417,0.0,1960.0,1990.0
1853,446,0.0,1970.0,1990.0
1853,1576,0.0,1980.0,1990.0
1853,505,0.0,1950.0,1990.0
1853,443,0.0,1960.0,1990.0
1853,526,0.0,1950.0,1990.0
1853,99,0.0,1930.0,1990.0
1853,154,0.0,1970.0,1990.0
1853,635,0.0,1980.0,1990.0
1853,671,0.0,1930.0,1990.0
1853,1453,0.0,1940.0,1990.0
1853,837,0.0,1940.0,1990.0
1853,1124,0.0,1930.0,1990.0
1853,1572,0.0,1980.0,1990.0
1853,1450,0.0,1940.0,1990.0
1853,1604,0.0,1940.0,1990.0
1853,404,0.0,1940.0,1990.0
1853,668,0.0,1980.0,1990.0
1853,429,0.0,1950.0,1990.0
1853,1091,0.0,1970.0,1990.0
1853,1020,0.0,1940.0,1990.0
1853,228,0.0,1980.0,1990.0
1853,205,0.0,1970.0,1990.0
1853,1455,0.0,1940.0,1990.0
1853,615,0.0,1930.0,1990.0
1853,626,0.0,1940.0,1990.0
1853,194,0.0,1970.0,1990.0
1853,136,0.0,1930.0,1990.0
1853,1582,0.0,1940.0,1990.0
1853,481,0.0,1960.0,1990.0
1853,201,0.0,1980.0,1990.0
1853,745,0.0,1970.0,1990.0
1853,416,0.0,1950.0,1990.0
1853,679,0.0,1980.0,1990.0
1853,527,0.0,1980.0,1990.0
1853,636,0.0,1980.0,1990.0
1853,1200,0.0,1950.0,1990.0
1853,1301,0.0,1980.0,1990.0
1853,1444,0.0,1960.0,1990.0
1853,1577,0.0,1950.0,1990.0
1853,183,0.0,1970.0,1990.0
1853,1476,0.0,1940.0,1990.0
1853,211,0.0,1970.0,1990.0
1853,1119,0.0,1980.0,1990.0
1853,186,0.0,1980.0,1990.0
1853,646,0.0,1960.0,1990.0
1853,495,0.0,1950.0,1990.0
1853,216,0.0,1980.0,1990.0
1853,1452,0.0,1940.0,1990.0
1853,176,0.0,1980.0,1990.0
1853,167,0.0,1980.0,1990.0
1853,522,0.0,1980.0,1990.0
1853,603,0.0,1950.0,1990.0
1853,503,0.0,1970.0,1990.0
1853,1125,0.0,1960.0,1990.0
1853,30,0.0,1960.0,1990.0
1853,661,0.0,1950.0,1990.0
1853,166,0.0,1980.0,1990.0
1853,1579,0.0,1980.0,1990.0
1853,127,0.0,1970.0,1990.0
1853,673,0.0,1960.0,1990.0
1853,480,0.0,1950.0,1990.0
1853,151,0.0,1970.0,1990.0
1853,1580,0.0,1930.0,1990.0
1853,520,0.0,1960.0,1990.0
1853,490,0.0,1950.0,1990.0
1853,499,0.0,1950.0,1990.0
1853,618,0.0,1950.0,1990.0
1853,142,0.0,1970.0,1990.0
1853,164,0.0,1980.0,1990.0
1853,188,0.0,1980.0,1990.0
1853,624,0.0,1940.0,1990.0
1853,215,0.0,1980.0,1990.0
1853,488,0.0,1950.0,1990.0
1853,842,0.0,1960.0,1990.0
1853,657,0.0,1960.0,1990.0
1853,1571,0.0,1970.0,1990.0
1853,622,0.0,1960.0,1990.0
1853,513,0.0,1940.0,1990.0
1853,436,0.0,1980.0,1990.0
1853,101,0.0,1980.0,1990.0
1853,621,0.0,1950.0,1990.0
1853,674,0.0,1980.0,1990.0
1853,675,0.0,1920.0,1990.0
