user_id,entropy_kmeans,cluster_kmeans,entropy_quantile,cluster_quantile,diff
544,0.0,0,0.0,0,False
801,0.0,0,0.0,0,False
205,0.0,0,0.0,0,False
206,0.0,0,0.0,0,False
572,0.0,0,0.0,0,False
520,0.0,0,0.0,0,False
519,0.0,0,0.0,0,False
220,0.0,0,0.0,0,False
229,0.0,0,0.0,0,False
787,0.0,0,0.0,0,False
784,0.0,0,0.0,0,False
783,0.0,0,0.0,0,False
772,0.0,0,0.0,0,False
240,0.0,0,0.0,0,False
241,0.0,0,0.0,0,False
242,0.0,0,0.0,0,False
252,0.0,0,0.0,0,False
769,0.0,0,0.0,0,False
258,0.0,0,0.0,0,False
515,0.0,0,0.0,0,False
260,0.0,0,0.0,0,False
261,0.0,0,0.0,0,False
266,0.0,0,0.0,0,False
511,0.0,0,0.0,0,False
273,0.0,0,0.0,0,False
755,0.0,0,0.0,0,False
510,0.0,0,0.0,0,False
281,0.0,0,0.0,0,False
282,0.0,0,0.0,0,False
284,0.0,0,0.0,0,False
570,0.0,0,0.0,0,False
578,0.0,0,0.0,0,False
803,0.0,0,0.0,0,False
808,0.0,0,0.0,0,False
134,0.0,0,0.0,0,False
841,0.0,0,0.0,0,False
140,0.0,0,0.0,0,False
143,0.0,0,0.0,0,False
558,0.0,0,0.0,0,False
146,0.0,0,0.0,0,False
147,0.0,0,0.0,0,False
149,0.0,0,0.0,0,False
529,0.0,0,0.0,0,False
155,0.0,0,0.0,0,False
827,0.0,0,0.0,0,False
164,0.0,0,0.0,0,False
824,0.0,0,0.0,0,False
166,0.0,0,0.0,0,False
820,0.0,0,0.0,0,False
170,0.0,0,0.0,0,False
171,0.0,0,0.0,0,False
173,0.0,0,0.0,0,False
818,0.0,0,0.0,0,False
179,0.0,0,0.0,0,False
817,0.0,0,0.0,0,False
816,0.0,0,0.0,0,False
813,0.0,0,0.0,0,False
812,0.0,0,0.0,0,False
811,0.0,0,0.0,0,False
810,0.0,0,0.0,0,False
190,0.0,0,0.0,0,False
191,0.0,0,0.0,0,False
809,0.0,0,0.0,0,False
199,0.0,0,0.0,0,False
133,0.0,0,0.0,0,False
750,0.0,0,0.0,0,False
740,0.0,0,0.0,0,False
489,0.0,0,0.0,0,False
384,0.0,0,0.0,0,False
390,0.0,0,0.0,0,False
485,0.0,0,0.0,0,False
400,0.0,0,0.0,0,False
656,0.0,0,0.0,0,False
404,0.0,0,0.0,0,False
652,0.0,0,0.0,0,False
408,0.0,0,0.0,0,False
410,0.0,0,0.0,0,False
646,0.0,0,0.0,0,False
418,0.0,0,0.0,0,False
636,0.0,0,0.0,0,False
598,0.0,0,0.0,0,False
635,0.0,0,0.0,0,False
427,0.0,0,0.0,0,False
428,0.0,0,0.0,0,False
599,0.0,0,0.0,0,False
431,0.0,0,0.0,0,False
631,0.0,0,0.0,0,False
439,0.0,0,0.0,0,False
441,0.0,0,0.0,0,False
446,0.0,0,0.0,0,False
448,0.0,0,0.0,0,False
451,0.0,0,0.0,0,False
609,0.0,0,0.0,0,False
626,0.0,0,0.0,0,False
616,0.0,0,0.0,0,False
614,0.0,0,0.0,0,False
681,0.0,0,0.0,0,False
743,0.0,0,0.0,0,False
364,0.0,0,0.0,0,False
362,0.0,0,0.0,0,False
732,0.0,0,0.0,0,False
300,0.0,0,0.0,0,False
302,0.0,0,0.0,0,False
304,0.0,0,0.0,0,False
729,0.0,0,0.0,0,False
306,0.0,0,0.0,0,False
728,0.0,0,0.0,0,False
309,0.0,0,0.0,0,False
726,0.0,0,0.0,0,False
725,0.0,0,0.0,0,False
724,0.0,0,0.0,0,False
317,0.0,0,0.0,0,False
720,0.0,0,0.0,0,False
319,0.0,0,0.0,0,False
718,0.0,0,0.0,0,False
713,0.0,0,0.0,0,False
502,0.0,0,0.0,0,False
335,0.0,0,0.0,0,False
341,0.0,0,0.0,0,False
587,0.0,0,0.0,0,False
349,0.0,0,0.0,0,False
695,0.0,0,0.0,0,False
351,0.0,0,0.0,0,False
353,0.0,0,0.0,0,False
355,0.0,0,0.0,0,False
356,0.0,0,0.0,0,False
688,0.0,0,0.0,0,False
687,0.0,0,0.0,0,False
685,0.0,0,0.0,0,False
589,0.0,0,0.0,0,False
842,0.0,0,0.0,0,False
775,0.0,0,0.0,0,False
61,0.0,0,0.0,0,False
111,0.0,0,0.0,0,False
107,0.0,0,0.0,0,False
105,0.0,0,0.0,0,False
100,0.0,0,0.0,0,False
863,0.0,0,0.0,0,False
866,0.0,0,0.0,0,False
88,0.0,0,0.0,0,False
873,0.0,0,0.0,0,False
86,0.0,0,0.0,0,False
78,0.0,0,0.0,0,False
74,0.0,0,0.0,0,False
898,0.0,0,0.0,0,False
905,0.0,0,0.0,0,False
112,0.0,0,0.0,0,False
50,0.0,0,0.0,0,False
47,0.0,0,0.0,0,False
40,0.0,0,0.0,0,False
39,0.0,0,0.0,0,False
36,0.0,0,0.0,0,False
35,0.0,0,0.0,0,False
34,0.0,0,0.0,0,False
33,0.0,0,0.0,0,False
915,0.0,0,0.0,0,False
920,0.0,0,0.0,0,False
547,0.0,0,0.0,0,False
926,0.0,0,0.0,0,False
941,0.0,0,0.0,0,False
3,0.0,0,0.0,0,False
906,0.0,0,0.0,0,False
857,0.0,0,0.0,0,False
611,0.0,0,0.0,0,False
856,0.0,0,0.0,0,False
845,0.0,0,0.0,0,False
126,0.0,0,0.0,0,False
531,0.0,0,0.0,0,False
853,0.0,0,0.0,0,False
129,0.0,0,0.0,0,False
782,0.0495626500565908,0,0.0495626500565908,0,False
186,0.0599601521247647,0,0.0599601521247647,0,False
534,0.0671968803626978,0,0.0671968803626978,0,False
357,0.0700542808754984,0,0.0700542808754984,0,False
518,0.0723777895161174,0,0.0723777895161174,0,False
936,0.0740225961475812,0,0.0740225961475812,0,False
872,0.0740225961475812,0,0.0740225961475812,0,False
624,0.0744466204045084,0,0.0744466204045084,0,False
168,0.075751085003415,0,0.075751085003415,0,False
634,0.0771064198116654,0,0.0771064198116654,0,False
423,0.0804848370680068,0,0.0804848370680068,0,False
540,0.0815104109503315,0,0.0815104109503315,0,False
365,0.0870995231917752,0,0.0870995231917752,0,False
507,0.0870995231917752,0,0.0870995231917752,0,False
348,0.0870995231917752,0,0.0870995231917752,0,False
470,0.0883197822000176,0,0.0883197822000176,0,False
104,0.0902219713655183,0,0.0902219713655183,0,False
79,0.0908761213330015,0,0.0908761213330015,0,False
396,0.0922160573371918,0,0.0922160573371918,0,False
733,0.0929023753248982,0,0.0929023753248982,0,False
697,0.0943091106454055,0,0.0943091106454055,0,False
15,0.0950301172556463,0,0.0950301172556463,0,False
413,0.098039113279732,0,0.098039113279732,0,False
939,0.099623389466162,0,0.099623389466162,0,False
590,0.1012648175667919,0,0.1012648175667919,0,False
792,0.1029666604654124,0,0.1029666604654124,0,False
717,0.1038413269795651,0,0.1038413269795651,0,False
574,0.1047324391050865,0,0.1047324391050865,0,False
837,0.1047324391050865,0,0.1047324391050865,0,False
463,0.1078279596110016,0,0.1078279596110016,0,False
434,0.108471339035916,0,0.108471339035916,0,False
722,0.1125159341196392,0,0.1125159341196392,0,False
486,0.1144366208506772,0,0.1144366208506772,0,False
937,0.116906849137531,0,0.116906849137531,0,False
550,0.116906849137531,0,0.116906849137531,0,False
63,0.1187477179593489,0,0.1187477179593489,0,False
935,0.1192469263962449,0,0.1192469263962449,0,False
859,0.1192469263962449,0,0.1192469263962449,0,False
501,0.125574980449031,0,0.125574980449031,0,False
938,0.1269305453414022,0,0.1269305453414022,0,False
141,0.1278522888852044,0,0.1278522888852044,0,False
26,0.1278522888852044,0,0.1278522888852044,0,False
708,0.1297406947194283,0,0.1297406947194283,0,False
569,0.1297406947194283,0,0.1297406947194283,0,False
673,0.1297406947194283,0,0.1297406947194283,0,False
917,0.1297406947194283,0,0.1297406947194283,0,False
473,0.1297406947194283,0,0.1297406947194283,0,False
477,0.1297406947194283,0,0.1297406947194283,0,False
181,0.1302365292120145,0,0.1302365292120145,0,False
460,0.1326914208398717,0,0.1326914208398717,0,False
526,0.1326914208398717,0,0.1326914208398717,0,False
754,0.1326914208398717,0,0.1326914208398717,0,False
101,0.1342229641023645,0,0.1342229641023645,0,False
324,0.1357939587515938,0,0.1357939587515938,0,False
438,0.1357939587515938,0,0.1357939587515938,0,False
770,0.1390607984547411,0,0.1390607984547411,0,False
595,0.1390607984547411,0,0.1390607984547411,0,False
176,0.1407601220154711,0,0.1407601220154711,0,False
432,0.1425058673927378,0,0.1425058673927378,0,False
2,0.1425058673927378,0,0.1425058673927378,0,False
582,0.1425058673927378,0,0.1425058673927378,0,False
931,0.1443000354592565,0,0.1443000354592565,0,False
752,0.1445653141630021,0,0.1445653141630021,0,False
67,0.1461447460085638,0,0.1461447460085638,0,False
131,0.1461447460085638,0,0.1461447460085638,0,False
238,0.149994923610415,0,0.149994923610415,0,False
657,0.149994923610415,0,0.149994923610415,0,False
227,0.149994923610415,0,0.149994923610415,0,False
706,0.149994923610415,0,0.149994923610415,0,False
839,0.1520053108362029,0,0.1520053108362029,0,False
17,0.1540761036710294,0,0.1540761036710294,0,False
819,0.1540761036710294,0,0.1540761036710294,0,False
552,0.1540761036710294,0,0.1540761036710294,0,False
289,0.1584105701317908,0,0.1584105701317908,0,False
277,0.1584105701317908,0,0.1584105701317908,0,False
525,0.1584105701317908,0,0.1584105701317908,0,False
359,0.1584105701317908,0,0.1584105701317908,0,False
735,0.1606805620415462,0,0.1606805620415462,0,False
388,0.1630236294943659,0,0.1630236294943659,0,False
113,0.1654434960862748,0,0.1654434960862748,0,False
440,0.1654434960862748,0,0.1654434960862748,0,False
157,0.1654434960862748,0,0.1654434960862748,0,False
832,0.167944147734173,0,0.167944147734173,0,False
414,0.167944147734173,0,0.167944147734173,0,False
791,0.167944147734173,0,0.167944147734173,0,False
27,0.167944147734173,0,0.167944147734173,0,False
444,0.1732052067491771,0,0.1732052067491771,0,False
139,0.1732052067491771,0,0.1732052067491771,0,False
891,0.175975125097627,0,0.175975125097627,0,False
703,0.175975125097627,0,0.175975125097627,0,False
580,0.175975125097627,0,0.175975125097627,0,False
662,0.1788449127168475,0,0.1788449127168475,0,False
265,0.1788449127168475,0,0.1788449127168475,0,False
637,0.184651904287397,0,0.184651904287397,0,False
467,0.1849073991677756,0,0.1849073991677756,0,False
714,0.1849073991677756,0,0.1849073991677756,0,False
159,0.1854486988554363,0,0.1854486988554363,0,False
54,0.1870308277602523,0,0.1870308277602523,0,False
203,0.1881129274145737,0,0.1881129274145737,0,False
651,0.1914440819577173,0,0.1914440819577173,0,False
310,0.1914440819577173,0,0.1914440819577173,0,False
858,0.1914440819577173,0,0.1914440819577173,0,False
644,0.1914440819577173,0,0.1914440819577173,0,False
762,0.1914440819577173,0,0.1914440819577173,0,False
32,0.1949086871878175,0,0.1949086871878175,0,False
596,0.1985152433458726,0,0.1985152433458726,0,False
93,0.1985152433458726,0,0.1985152433458726,0,False
677,0.1988215781030194,0,0.1988215781030194,0,False
66,0.2061920506332318,0,0.2061920506332318,0,False
730,0.2061920506332318,0,0.2061920506332318,0,False
490,0.2061920506332318,0,0.2061920506332318,0,False
834,0.2145591551764051,0,0.2145591551764051,0,False
689,0.2145591551764051,0,0.2145591551764051,0,False
294,0.2176422807299329,0,0.2176422807299329,0,False
192,0.2190325217890211,0,0.2190325217890211,0,False
564,0.2237180760658337,0,0.2237180760658337,0,False
403,0.2269675225006044,0,0.2269675225006044,0,False
108,0.2286318735828612,0,0.2286318735828612,0,False
701,0.2286318735828612,0,0.2286318735828612,0,False
209,0.2286318735828612,0,0.2286318735828612,0,False
45,0.2337916587064593,0,0.2337916587064593,0,False
759,0.2337916587064593,0,0.2337916587064593,0,False
869,0.2373777983396794,0,0.2373777983396794,0,False
923,0.2406799065898527,0,0.2406799065898527,0,False
672,0.2509548043576197,0,0.2509548043576197,0,False
602,0.2509548043576197,0,0.2509548043576197,0,False
581,0.2573186405438316,0,0.2573186405438316,0,False
678,0.2573186405438316,0,0.2573186405438316,0,False
800,0.2573186405438316,0,0.2573186405438316,0,False
793,0.2606370995339223,0,0.2606370995339223,0,False
674,0.2617644829090154,0,0.2617644829090154,0,False
597,0.2617644829090154,0,0.2617644829090154,0,False
825,0.2631415302706191,0,0.2631415302706191,0,False
462,0.2706407936167973,0,0.2706407936167973,0,False
247,0.2711893730418441,0,0.2711893730418441,0,False
120,0.2711893730418441,0,0.2711893730418441,0,False
797,0.2711893730418441,0,0.2711893730418441,0,False
742,0.2711893730418441,0,0.2711893730418441,0,False
482,0.2711893730418441,0,0.2711893730418441,0,False
668,0.282600106577289,0,0.282600106577289,0,False
736,0.2868359830561607,0,0.2868359830561607,0,False
443,0.2868359830561607,0,0.2868359830561607,0,False
649,0.2868359830561607,0,0.2868359830561607,0,False
223,0.2904572337746668,0,0.2904572337746668,0,False
386,0.2954391918721161,0,0.2954391918721161,0,False
257,0.3027344232643354,0,0.3027344232643354,1,True
789,0.3046360973492381,0,0.3046360973492381,1,True
150,0.3111291548118492,0,0.3111291548118492,1,True
628,0.3153962874226617,0,0.3153962874226617,1,True
75,0.3202439124894461,0,0.3202439124894461,1,True
81,0.3226596851052002,0,0.3226596851052002,1,True
895,0.3250829733914482,0,0.3250829733914482,1,True
475,0.3250829733914482,0,0.3250829733914482,1,True
828,0.3277756761002128,0,0.3277756761002128,1,True
879,0.3325942143118925,0,0.3325942143118925,1,True
768,0.3484058012277691,0,0.3484058012277691,1,True
46,0.3488320958430319,0,0.3488320958430319,1,True
68,0.3545988275526489,0,0.3545988275526489,1,True
461,0.3557128597468939,0,0.3557128597468939,1,True
509,0.3625010217396757,0,0.3625010217396757,1,True
549,0.3669249912727096,0,0.3669249912727096,1,True
894,0.3720783600544464,0,0.3720783600544464,1,True
99,0.3904395031968936,0,0.3904395031968936,1,True
893,0.3935214570606022,0,0.3935214570606022,1,True
675,0.3953721911149986,0,0.3953721911149986,1,True
110,0.3956491027490423,0,0.3956491027490423,1,True
699,0.4070332397460261,0,0.4070332397460261,1,True
449,0.4100556878380497,0,0.4100556878380497,1,True
231,0.410116318288409,0,0.410116318288409,1,True
761,0.4106286283761022,0,0.4106286283761022,1,True
84,0.4157588728961734,0,0.4157588728961734,1,True
779,0.417476338302775,0,0.417476338302775,1,True
861,0.4176314758311851,0,0.4176314758311851,1,True
204,0.4245948513234667,0,0.4245948513234667,1,True
852,0.4265104867145486,0,0.4265104867145486,1,True
287,0.4296450382988046,0,0.4296450382988046,1,True
919,0.4380699684307458,0,0.4380699684307458,1,True
904,0.4399782222652544,0,0.4399782222652544,1,True
851,0.4459677060150023,0,0.4459677060150023,1,True
224,0.4529746202472434,0,0.4529746202472434,1,True
517,0.4549437534681774,0,0.4549437534681774,1,True
4,0.4563344322932884,0,0.4563344322932884,1,True
630,0.4627871274567967,0,0.4627871274567967,1,True
314,0.4689760666003123,1,0.4689760666003123,1,False
612,0.4709001279172663,1,0.4709001279172663,1,False
619,0.4812911196124555,1,0.4812911196124555,1,False
909,0.4895518936229288,1,0.4895518936229288,1,False
332,0.4954573895859016,1,0.4954573895859016,1,False
860,0.501284947824134,1,0.501284947824134,1,False
865,0.5025744706222252,1,0.5025744706222252,1,False
459,0.5031465197225341,1,0.5031465197225341,1,False
69,0.5062043412849001,1,0.5062043412849001,1,False
57,0.5062496927910254,1,0.5062496927910254,1,False
925,0.5067352576114266,1,0.5067352576114266,1,False
663,0.5080229329315655,1,0.5080229329315655,1,False
680,0.5144128335580126,1,0.5144128335580126,1,False
274,0.5146567707821681,1,0.5146567707821681,1,False
702,0.5225134163226269,1,0.5225134163226269,1,False
877,0.5263668784458121,1,0.5263668784458121,1,False
445,0.5303966272405902,1,0.5303966272405902,1,False
278,0.5305096302300272,1,0.5305096302300272,1,False
880,0.5319503059415962,1,0.5319503059415962,1,False
145,0.5348698293705879,1,0.5348698293705879,1,False
52,0.5363994436897042,1,0.5363994436897042,1,False
83,0.5384814771297863,1,0.5384814771297863,1,False
336,0.5450337364480633,1,0.5450337364480633,1,False
136,0.5458692524645854,1,0.5458692524645854,1,False
180,0.5488743844849944,1,0.5488743844849944,1,False
548,0.5495306014583485,1,0.5495306014583485,1,False
683,0.5496795993764678,1,0.5496795993764678,1,False
217,0.5500776443367934,1,0.5500776443367934,1,False
137,0.5519400405282622,1,0.5519400405282622,1,False
221,0.55886895877073,1,0.55886895877073,1,False
256,0.5595953388286996,1,0.5595953388286996,1,False
794,0.5627942878508411,1,0.5627942878508411,1,False
910,0.5632423339368433,1,0.5632423339368433,1,False
142,0.56930867810557,1,0.56930867810557,1,False
907,0.5695317049858506,1,0.5695317049858506,1,False
546,0.5700090252687342,1,0.5700090252687342,1,False
557,0.5714083975115882,1,0.5714083975115882,1,False
89,0.5811772388053069,1,0.5811772388053069,1,False
163,0.5825842452160127,1,0.5825842452160127,1,False
345,0.5868755828479992,1,0.5868755828479992,1,False
563,0.5905146653114488,1,0.5905146653114488,1,False
196,0.5931882307431043,1,0.5931882307431043,1,False
55,0.5940241655824705,1,0.5940241655824705,1,False
424,0.5979251680126938,1,0.5979251680126938,1,False
831,0.5999734492250516,1,0.5999734492250516,1,False
822,0.6060252027357298,1,0.6060252027357298,1,False
270,0.6106736159643948,1,0.6106736159643948,1,False
29,0.6134818943006427,1,0.6134818943006427,1,False
119,0.6171761298439605,1,0.6171761298439605,1,False
771,0.6185258887915653,1,0.6185258887915653,1,False
576,0.61912858631753,1,0.61912858631753,1,False
291,0.6221499993175773,1,0.6221499993175773,1,False
255,0.625161807448212,1,0.625161807448212,1,False
555,0.6325366131843582,1,0.6325366131843582,1,False
37,0.6330395116644678,1,0.6330395116644678,1,False
193,0.635778804636375,1,0.635778804636375,1,False
914,0.6428579130907905,1,0.6428579130907905,1,False
374,0.6444689741745236,1,0.6444689741745236,1,False
654,0.645060116166402,1,0.645060116166402,1,False
466,0.6453742425318371,1,0.6453742425318371,1,False
30,0.6479288116140305,1,0.6479288116140305,1,False
721,0.650270777887495,1,0.650270777887495,1,False
422,0.6506819585898257,1,0.6506819585898257,1,False
53,0.657598949867696,1,0.657598949867696,1,False
130,0.6589162541540082,1,0.6589162541540082,1,False
455,0.6589676669211841,1,0.6589676669211841,1,False
320,0.6593105557218597,1,0.6593105557218597,1,False
245,0.6631794532105497,1,0.6631794532105497,1,False
513,0.6631794532105497,1,0.6631794532105497,1,False
117,0.6640485134875176,1,0.6640485134875176,1,False
21,0.6700114656362941,1,0.6700114656362941,1,False
393,0.6722913859807009,1,0.6722913859807009,1,False
874,0.6723962615488854,1,0.6723962615488854,1,False
554,0.6733854071226477,1,0.6733854071226477,1,False
323,0.6765851847820092,1,0.6765851847820092,1,False
676,0.6794554111052853,1,0.6794554111052853,1,False
682,0.6795994255534699,1,0.6795994255534699,1,False
692,0.6804536337918952,1,0.6804536337918952,1,False
174,0.6835383836473913,1,0.6835383836473913,1,False
116,0.6875740252996512,1,0.6875740252996512,1,False
640,0.6917022799536722,1,0.6917022799536722,1,False
715,0.703954461185531,1,0.703954461185531,1,False
464,0.7047328304766876,1,0.7047328304766876,1,False
512,0.7091152575824363,1,0.7091152575824363,1,False
621,0.709967507790312,1,0.709967507790312,1,False
487,0.712950146122508,1,0.712950146122508,1,False
696,0.7190717543487269,1,0.7190717543487269,1,False
551,0.7221287084564667,1,0.7221287084564667,1,False
764,0.7260945659436957,1,0.7260945659436957,1,False
92,0.7274018927962849,1,0.7274018927962849,1,False
871,0.7290578676189831,1,0.7290578676189831,1,False
243,0.7299081708855372,1,0.7299081708855372,1,False
888,0.7305880613711224,1,0.7305880613711224,1,False
49,0.7323143815817827,1,0.7323143815817827,1,False
182,0.7363093244249479,1,0.7363093244249479,1,False
127,0.7400116657311008,1,0.7400116657311008,1,False
109,0.7412783581145185,1,0.7412783581145185,1,False
395,0.7438378562553847,1,0.7438378562553847,1,False
927,0.7452590480758245,1,0.7452590480758245,1,False
829,0.7454090682140051,1,0.7454090682140051,1,False
592,0.7472967339249761,1,0.7472967339249761,1,False
671,0.7482958616210114,1,0.7482958616210114,1,False
442,0.7488470658338372,1,0.7488470658338372,1,False
586,0.7509016000741006,1,0.7509016000741006,1,False
222,0.7536929298248082,1,0.7536929298248082,1,False
500,0.7562055339855924,1,0.7562055339855924,1,False
491,0.7579048419744567,1,0.7579048419744567,1,False
930,0.7582648132853984,1,0.7582648132853984,1,False
249,0.7608857165827779,1,0.7608857165827779,1,False
790,0.7619672536237561,1,0.7619672536237561,1,False
251,0.7647517908432452,1,0.7647517908432452,1,False
276,0.7659645094536376,1,0.7659645094536376,1,False
369,0.7749927584562633,1,0.7749927584562633,1,False
228,0.7751292747786217,1,0.7751292747786217,1,False
106,0.7761075480534071,1,0.7761075480534071,1,False
585,0.7779315664011083,1,0.7779315664011083,1,False
244,0.7821746210302746,1,0.7821746210302746,1,False
655,0.7909584408540862,1,0.7909584408540862,1,False
757,0.7920834403833704,1,0.7920834403833704,1,False
76,0.7933098568401258,1,0.7933098568401258,1,False
216,0.7967424724327565,1,0.7967424724327565,1,False
43,0.7982651441192132,1,0.7982651441192132,1,False
368,0.8005407842515027,1,0.8005407842515027,1,False
453,0.8068427754328259,1,0.8068427754328259,1,False
177,0.8076405534453444,1,0.8076405534453444,1,False
347,0.8105650331619317,1,0.8105650331619317,1,False
197,0.8134980431878347,1,0.8134980431878347,1,False
378,0.8136883170947116,1,0.8136883170947116,1,False
433,0.8140228720038248,1,0.8140228720038248,1,False
162,0.815066342119382,1,0.815066342119382,1,False
121,0.8159341879159371,1,0.8159341879159371,1,False
577,0.8184297225361477,1,0.8184297225361477,1,False
709,0.8203448940314817,1,0.8203448940314817,1,False
195,0.8212316347124549,1,0.8212316347124549,1,False
447,0.821758330172842,1,0.821758330172842,1,False
884,0.8220147078218752,1,0.8220147078218752,1,False
344,0.835369865801721,1,0.835369865801721,1,False
152,0.8355853126059691,1,0.8355853126059691,1,False
303,0.8358090788174748,1,0.8358090788174748,1,False
416,0.8375838512744836,1,0.8375838512744836,1,False
765,0.8378090821865456,1,0.8378090821865456,1,False
144,0.8424643805099926,1,0.8424643805099926,1,False
201,0.8429554435553535,1,0.8429554435553535,1,False
377,0.8491243245783038,1,0.8491243245783038,1,False
594,0.8492687260615328,1,0.8492687260615328,1,False
684,0.8497534979842483,1,0.8497534979842483,1,False
219,0.8507706302940808,1,0.8507706302940808,1,False
286,0.8511602787384147,1,0.8511602787384147,1,False
402,0.856272857352037,1,0.856272857352037,1,False
376,0.857174043642079,1,0.857174043642079,1,False
103,0.8577790885148955,1,0.8577790885148955,1,False
367,0.8602505895844238,1,0.8602505895844238,1,False
633,0.8609142713310545,1,0.8609142713310545,1,False
425,0.8610994659919106,1,0.8610994659919106,1,False
921,0.8631093221666297,1,0.8631093221666297,1,False
280,0.871074185348627,1,0.871074185348627,1,False
19,0.8711332705993319,1,0.8711332705993319,1,False
372,0.8716175660442997,1,0.8716175660442997,1,False
285,0.871654672225038,1,0.871654672225038,1,False
259,0.8723232016784321,1,0.8723232016784321,1,False
399,0.8740982786820068,1,0.8740982786820068,1,False
719,0.8765509384534779,1,0.8765509384534779,1,False
472,0.8773791163245334,1,0.8773791163245334,1,False
24,0.8778959364913119,1,0.8778959364913119,1,False
916,0.8816769498388132,1,0.8816769498388132,1,False
760,0.8822960878936414,1,0.8822960878936414,1,False
658,0.8827675585741377,1,0.8827675585741377,1,False
627,0.8840962936984454,1,0.8840962936984454,1,False
773,0.88507455405475,1,0.88507455405475,1,False
497,0.8851070721813394,1,0.8851070721813394,1,False
588,0.8865342358740866,1,0.8865342358740866,1,False
642,0.8900979519651261,1,0.8900979519651261,1,False
279,0.8936281006016217,1,0.8936281006016217,1,False
727,0.8965211943733158,1,0.8965211943733158,1,False
430,0.8965351066594348,1,0.8965351066594348,1,False
394,0.8971846130264667,1,0.8971846130264667,1,False
493,0.8995532517331868,1,0.8995532517331868,1,False
250,0.9006461944008456,1,0.9006461944008456,1,False
207,0.9064050954931716,1,0.9064050954931716,1,False
584,0.906984780175202,1,0.906984780175202,1,False
329,0.9082559815273842,1,0.9082559815273842,1,False
798,0.9109596303648714,1,0.9109596303648714,1,False
226,0.9120645547588804,1,0.9120645547588804,1,False
268,0.913005204179661,1,0.913005204179661,1,False
886,0.913324793174914,1,0.913324793174914,1,False
705,0.9144557645181534,1,0.9144557645181534,1,False
700,0.9165525293817652,1,0.9165525293817652,1,False
476,0.9174228851110902,1,0.9174228851110902,1,False
178,0.9188172778039608,1,0.9188172778039608,1,False
56,0.925188130193267,1,0.925188130193267,1,False
903,0.9265474106090416,1,0.9265474106090416,1,False
943,0.9278674029443532,1,0.9278674029443532,1,False
620,0.9291072722404085,1,0.9291072722404085,1,False
457,0.9334074565460014,1,0.9334074565460014,1,False
629,0.9346923686657308,1,0.9346923686657308,1,False
565,0.9354019599438752,1,0.9354019599438752,1,False
468,0.937272187677231,1,0.937272187677231,1,False
484,0.9428791740679467,1,0.9428791740679467,1,False
135,0.9430960279319331,1,0.9430960279319331,1,False
62,0.9465433026754582,1,0.9465433026754582,1,False
246,0.9467504670037832,1,0.9467504670037832,1,False
436,0.9472665211369196,1,0.9472665211369196,1,False
523,0.9484972081508936,1,0.9484972081508936,1,False
593,0.9488249570892008,1,0.9488249570892008,1,False
375,0.9497916560883588,1,0.9497916560883588,1,False
665,0.9499866551809656,1,0.9499866551809656,1,False
183,0.950185101998796,1,0.950185101998796,1,False
267,0.9504561976315028,1,0.9504561976315028,1,False
346,0.9508046415383709,1,0.9508046415383709,1,False
165,0.9555822111460796,1,0.9555822111460796,1,False
363,0.9563051166276628,1,0.9563051166276628,1,False
11,0.9600350478908792,1,0.9600350478908792,1,False
262,0.96316985100667,1,0.96316985100667,1,False
795,0.9651925822032946,1,0.9651925822032946,1,False
1,0.9652694390701868,1,0.9652694390701868,1,False
532,0.965510323508118,1,0.965510323508118,1,False
600,0.970433522339448,1,0.970433522339448,1,False
864,0.970454468480989,1,0.970454468480989,1,False
435,0.9710009290514908,1,0.9710009290514908,1,False
605,0.9718698442133789,1,0.9718698442133789,1,False
887,0.9727264308015084,1,0.9727264308015084,1,False
158,0.9748695956853188,1,0.9748695956853188,1,False
417,0.9790284575881724,1,0.9790284575881724,1,False
883,0.9794434234761824,1,0.9794434234761824,1,False
854,0.9819845165703676,1,0.9819845165703676,1,False
478,0.9824025854423328,1,0.9824025854423328,1,False
153,0.9849825930153652,1,0.9849825930153652,1,False
922,0.9877181150263936,1,0.9877181150263936,1,False
200,0.993386225464402,1,0.993386225464402,1,False
342,1.0041614119242002,1,1.0041614119242002,1,False
647,1.0046927607816316,1,1.0046927607816316,1,False
343,1.008316512575146,1,1.008316512575146,1,False
533,1.0088440398621803,1,1.0088440398621803,1,False
844,1.009285837796972,1,1.009285837796972,1,False
933,1.0096013830478174,1,1.0096013830478174,1,False
821,1.0097749541466787,1,1.0097749541466787,1,False
838,1.010465697971,1,1.010465697971,1,False
405,1.010997944364601,1,1.010997944364601,1,False
337,1.0121367758119306,1,1.0121367758119306,1,False
560,1.0135891568951678,1,1.0135891568951678,1,False
115,1.0135995392535169,1,1.0135995392535169,1,False
690,1.0145696137201388,1,1.0145696137201388,1,False
711,1.0146138036938126,1,1.0146138036938126,1,False
94,1.0214575238529604,1,1.0214575238529604,1,False
805,1.0235882326733527,1,1.0235882326733527,1,False
723,1.0237155068361252,1,1.0237155068361252,1,False
896,1.0241873170834483,1,1.0241873170834483,1,False
87,1.0245986513688776,1,1.0245986513688776,1,False
579,1.0306482251959397,1,1.0306482251959397,1,False
327,1.03398992742855,1,1.03398992742855,1,False
521,1.0354146723902848,1,1.0354146723902848,1,False
901,1.0363102686971353,1,1.0363102686971353,1,False
8,1.0369988050424344,1,1.0369988050424344,1,False
591,1.0411744835197951,1,1.0411744835197951,1,False
296,1.0413064927491198,1,1.0413064927491198,1,False
902,1.0431253089559167,1,1.0431253089559167,1,False
22,1.049302707769224,1,1.049302707769224,1,False
543,1.0515218479026394,1,1.0515218479026394,1,False
58,1.0519369336315845,1,1.0519369336315845,1,False
606,1.0556502981033429,1,1.0556502981033429,1,False
328,1.0568711979885732,1,1.0568711979885732,1,False
758,1.061507039671118,1,1.061507039671118,1,False
185,1.0633892292674914,1,1.0633892292674914,1,False
65,1.0635606281785377,1,1.0635606281785377,1,False
741,1.071974950833364,1,1.071974950833364,1,False
301,1.0763579614579593,1,1.0763579614579593,1,False
889,1.076789939885987,1,1.076789939885987,1,False
331,1.078475171751687,1,1.078475171751687,1,False
283,1.079831072597715,1,1.079831072597715,1,False
297,1.0801601470356572,1,1.0801601470356572,1,False
603,1.0830821147321614,1,1.0830821147321614,1,False
458,1.0844087917484018,1,1.0844087917484018,1,False
420,1.0880701030129585,1,1.0880701030129585,1,False
102,1.088794395982022,1,1.088794395982022,1,False
826,1.0914896485920422,1,1.0914896485920422,1,False
352,1.094672331191702,1,1.094672331191702,1,False
38,1.094762229181099,1,1.094762229181099,2,True
940,1.0962171551593636,1,1.0962171551593636,2,True
411,1.0969426612236854,1,1.0969426612236854,2,True
334,1.101401975206818,1,1.101401975206818,2,True
542,1.1036338648736217,1,1.1036338648736217,2,True
541,1.10394500052148,1,1.10394500052148,2,True
160,1.1061576386859502,1,1.1061576386859502,2,True
13,1.108115933618055,1,1.108115933618055,2,True
382,1.1107875646833143,1,1.1107875646833143,2,True
746,1.1145068430077514,1,1.1145068430077514,2,True
855,1.1157371667598153,1,1.1157371667598153,2,True
802,1.118762149141566,2,1.118762149141566,2,False
248,1.1192420997529031,2,1.1192420997529031,2,False
483,1.121299830861653,2,1.121299830861653,2,False
566,1.1219124030442809,2,1.1219124030442809,2,False
184,1.1221154121334285,2,1.1221154121334285,2,False
796,1.1223498012022994,2,1.1223498012022994,2,False
538,1.122868090367907,2,1.122868090367907,2,False
80,1.1230946314227777,2,1.1230946314227777,2,False
387,1.126063703426544,2,1.126063703426544,2,False
756,1.1275019506194677,2,1.1275019506194677,2,False
622,1.129091612530794,2,1.129091612530794,2,False
299,1.133958458506433,2,1.133958458506433,2,False
20,1.1391942351860425,2,1.1391942351860425,2,False
198,1.1428079687274006,2,1.1428079687274006,2,False
360,1.1465151641235176,2,1.1465151641235176,2,False
667,1.1476703210219488,2,1.1476703210219488,2,False
707,1.1495320047055797,2,1.1495320047055797,2,False
653,1.149554799360366,2,1.149554799360366,2,False
125,1.1506063583555888,2,1.1506063583555888,2,False
618,1.1515478921504425,2,1.1515478921504425,2,False
751,1.154120105412962,2,1.154120105412962,2,False
774,1.1583639420211758,2,1.1583639420211758,2,False
514,1.1601612683433131,2,1.1601612683433131,2,False
293,1.1601998561916622,2,1.1601998561916622,2,False
648,1.161075706183174,2,1.161075706183174,2,False
777,1.161591334329453,2,1.161591334329453,2,False
42,1.162411146919841,2,1.162411146919841,2,False
429,1.1665126335321168,2,1.1665126335321168,2,False
849,1.1674694863059774,2,1.1674694863059774,2,False
456,1.1701884900868156,2,1.1701884900868156,2,False
885,1.1713303053408577,2,1.1713303053408577,2,False
778,1.1731600836198897,2,1.1731600836198897,2,False
712,1.174568904987813,2,1.174568904987813,2,False
763,1.1746270055342936,2,1.1746270055342936,2,False
330,1.1751354829226963,2,1.1751354829226963,2,False
806,1.1770982778228765,2,1.1770982778228765,2,False
305,1.1785734191531736,2,1.1785734191531736,2,False
788,1.1786829830692944,2,1.1786829830692944,2,False
679,1.1800718000291863,2,1.1800718000291863,2,False
214,1.1805352876178854,2,1.1805352876178854,2,False
823,1.1825988022314375,2,1.1825988022314375,2,False
12,1.186905929005052,2,1.186905929005052,2,False
870,1.1900184298527052,2,1.1900184298527052,2,False
785,1.1907232065259763,2,1.1907232065259763,2,False
333,1.1917241530182152,2,1.1917241530182152,2,False
412,1.194427396576248,2,1.194427396576248,2,False
928,1.1956119571630222,2,1.1956119571630222,2,False
494,1.2032588609918928,2,1.2032588609918928,2,False
530,1.2048762065511598,2,1.2048762065511598,2,False
73,1.2082891175721566,2,1.2082891175721566,2,False
64,1.208348788436663,2,1.208348788436663,2,False
315,1.211889828316446,2,1.211889828316446,2,False
660,1.212602449888334,2,1.212602449888334,2,False
72,1.21556519649134,2,1.21556519649134,2,False
537,1.2190134831142792,2,1.2190134831142792,2,False
14,1.221030342924349,2,1.221030342924349,2,False
392,1.2230962455586103,2,1.2230962455586103,2,False
71,1.2242193678257896,2,1.2242193678257896,2,False
899,1.2272532960892857,2,1.2272532960892857,2,False
211,1.228714544490995,2,1.228714544490995,2,False
504,1.2317023625289754,2,1.2317023625289754,2,False
253,1.232778725683772,2,1.232778725683772,2,False
188,1.2336584990161066,2,1.2336584990161066,2,False
505,1.2363746302960723,2,1.2363746302960723,2,False
545,1.237489682480172,2,1.237489682480172,2,False
639,1.2432301142210664,2,1.2432301142210664,2,False
479,1.2444003092635922,2,1.2444003092635922,2,False
28,1.2452215899073205,2,1.2452215899073205,2,False
358,1.2452660621850766,2,1.2452660621850766,2,False
187,1.2461818342978126,2,1.2461818342978126,2,False
128,1.2471242493791923,2,1.2471242493791923,2,False
318,1.247629455297928,2,1.247629455297928,2,False
601,1.2480289330740049,2,1.2480289330740049,2,False
506,1.2497240501493718,2,1.2497240501493718,2,False
361,1.250262833103582,2,1.250262833103582,2,False
82,1.252738983001145,2,1.252738983001145,2,False
354,1.253071956951178,2,1.253071956951178,2,False
212,1.255529673224127,2,1.255529673224127,2,False
737,1.2564212260473566,2,1.2564212260473566,2,False
615,1.25929390655854,2,1.25929390655854,2,False
450,1.262676615795242,2,1.262676615795242,2,False
5,1.2638074224663378,2,1.2638074224663378,2,False
307,1.2674349332132036,2,1.2674349332132036,2,False
397,1.2716773554454943,2,1.2716773554454943,2,False
604,1.272546820242055,2,1.272546820242055,2,False
561,1.27391862654544,2,1.27391862654544,2,False
213,1.2764242717370355,2,1.2764242717370355,2,False
739,1.277992138395836,2,1.277992138395836,2,False
804,1.2783566511384996,2,1.2783566511384996,2,False
781,1.2802733513214284,2,1.2802733513214284,2,False
503,1.2812604999832309,2,1.2812604999832309,2,False
122,1.2825040251018396,2,1.2825040251018396,2,False
882,1.2867945786773851,2,1.2867945786773851,2,False
749,1.2880761582524056,2,1.2880761582524056,2,False
632,1.2917143354654972,2,1.2917143354654972,2,False
738,1.2936101386843624,2,1.2936101386843624,2,False
913,1.295347943795648,2,1.295347943795648,2,False
900,1.2979225473090326,2,1.2979225473090326,2,False
264,1.2990054277817218,2,1.2990054277817218,2,False
9,1.2995530335744938,2,1.2995530335744938,2,False
878,1.3003002352279476,2,1.3003002352279476,2,False
691,1.3007700301332186,2,1.3007700301332186,2,False
118,1.3007942106834995,2,1.3007942106834995,2,False
833,1.3010807824095565,2,1.3010807824095565,2,False
156,1.3016609256520295,2,1.3016609256520295,2,False
295,1.3028735981519726,2,1.3028735981519726,2,False
799,1.306188384192022,2,1.306188384192022,2,False
924,1.309991960423782,2,1.309991960423782,2,False
271,1.3101830562187518,2,1.3101830562187518,2,False
232,1.3105186140061078,2,1.3105186140061078,2,False
132,1.3134893265366432,2,1.3134893265366432,2,False
559,1.3157776057990465,2,1.3157776057990465,2,False
868,1.3209560562685967,2,1.3209560562685967,2,False
437,1.3221363472347365,2,1.3221363472347365,2,False
664,1.3228352466418567,2,1.3228352466418567,2,False
202,1.3259126615833323,2,1.3259126615833323,2,False
881,1.32618459800286,2,1.32618459800286,2,False
471,1.3272580735686683,2,1.3272580735686683,2,False
528,1.3292100353420726,2,1.3292100353420726,2,False
124,1.3304073932436389,2,1.3304073932436389,2,False
669,1.3311463613633496,2,1.3311463613633496,2,False
638,1.3333836529596286,2,1.3333836529596286,2,False
847,1.3342357704060093,2,1.3342357704060093,2,False
508,1.3342503154477123,2,1.3342503154477123,2,False
23,1.3346031844109427,2,1.3346031844109427,2,False
583,1.33524750404684,2,1.33524750404684,2,False
608,1.3382157619043773,2,1.3382157619043773,2,False
70,1.338390718998652,2,1.338390718998652,2,False
373,1.3386724432862216,2,1.3386724432862216,2,False
867,1.340919599442574,2,1.340919599442574,2,False
661,1.3412881423742304,2,1.3412881423742304,2,False
516,1.3418952129979382,2,1.3418952129979382,2,False
610,1.3423135099361576,2,1.3423135099361576,2,False
16,1.3458436527533455,2,1.3458436527533455,2,False
288,1.3459638256095314,2,1.3459638256095314,2,False
95,1.3462012386446027,2,1.3462012386446027,2,False
613,1.3465111393072355,2,1.3465111393072355,2,False
745,1.347327419810573,2,1.347327419810573,2,False
44,1.347419231857423,2,1.347419231857423,2,False
875,1.3510828590746908,2,1.3510828590746908,2,False
208,1.35629507047173,2,1.35629507047173,2,False
98,1.3612310864022246,2,1.3612310864022246,2,False
41,1.3638386549730102,2,1.3638386549730102,2,False
643,1.3649459149467849,2,1.3649459149467849,2,False
194,1.3652202421688329,2,1.3652202421688329,2,False
710,1.365963427548578,2,1.365963427548578,2,False
269,1.366215581753739,2,1.366215581753739,2,False
876,1.3674813752821864,2,1.3674813752821864,2,False
218,1.3681777003225988,2,1.3681777003225988,2,False
381,1.3711588900086853,2,1.3711588900086853,2,False
571,1.3734685941026816,2,1.3734685941026816,2,False
744,1.3738162002389207,2,1.3738162002389207,2,False
235,1.3754090408343391,2,1.3754090408343391,2,False
59,1.3763672668463571,2,1.3763672668463571,2,False
371,1.3767268437607332,2,1.3767268437607332,2,False
290,1.3789010466833695,2,1.3789010466833695,2,False
498,1.3793472206723043,2,1.3793472206723043,2,False
380,1.3793989889566642,2,1.3793989889566642,2,False
814,1.3802514516945257,2,1.3802514516945257,2,False
292,1.386805192080992,2,1.386805192080992,2,False
625,1.3893397626815356,2,1.3893397626815356,2,False
210,1.3907209668259055,2,1.3907209668259055,2,False
366,1.3909836096628871,2,1.3909836096628871,2,False
311,1.3926080943359496,2,1.3926080943359496,2,False
316,1.3956237515221763,2,1.3956237515221763,2,False
539,1.401294507186785,2,1.401294507186785,2,False
90,1.407202050758746,2,1.407202050758746,2,False
786,1.409585348045214,2,1.409585348045214,2,False
236,1.4115639177496608,2,1.4115639177496608,2,False
575,1.4125886556684384,2,1.4125886556684384,2,False
536,1.4133042770517292,2,1.4133042770517292,2,False
401,1.4137116674782075,2,1.4137116674782075,2,False
846,1.418361121023616,2,1.418361121023616,2,False
454,1.4224639811416169,2,1.4224639811416169,2,False
407,1.4248992174002373,2,1.4248992174002373,2,False
339,1.4257683799978529,2,1.4257683799978529,2,False
747,1.42583073988776,2,1.42583073988776,2,False
495,1.4272532859987592,2,1.4272532859987592,2,False
421,1.4308371299587688,2,1.4308371299587688,2,False
524,1.43326107443797,2,1.43326107443797,2,False
379,1.433307221882571,2,1.433307221882571,2,False
862,1.4391427892113993,2,1.4391427892113993,2,False
897,1.4408921387044495,2,1.4408921387044495,2,False
535,1.4445442494975846,2,1.4445442494975846,2,False
391,1.4470088399965502,2,1.4470088399965502,2,False
641,1.447274719730682,2,1.447274719730682,2,False
607,1.455142835997393,2,1.455142835997393,2,False
151,1.4551609186832837,2,1.4551609186832837,2,False
161,1.4629852928764278,2,1.4629852928764278,2,False
123,1.4641264748999951,2,1.4641264748999951,2,False
693,1.464942522213461,2,1.464942522213461,2,False
77,1.4649451248428749,2,1.4649451248428749,2,False
748,1.4680973555097765,2,1.4680973555097765,2,False
85,1.4690907511482236,2,1.4690907511482236,2,False
385,1.4713949454265227,2,1.4713949454265227,2,False
175,1.4719274113883782,2,1.4719274113883782,2,False
215,1.472869972963638,2,1.472869972963638,2,False
734,1.4747149409339118,2,1.4747149409339118,2,False
308,1.47516684464007,2,1.47516684464007,2,False
406,1.479258721084093,2,1.479258721084093,2,False
167,1.4813980275804275,2,1.4813980275804275,2,False
233,1.4851258498566926,2,1.4851258498566926,2,False
18,1.485730004832058,2,1.485730004832058,2,False
623,1.4862361955342855,2,1.4862361955342855,2,False
836,1.4883217715339772,2,1.4883217715339772,2,False
254,1.492979928815728,2,1.492979928815728,2,False
189,1.4941504158353878,2,1.4941504158353878,2,False
31,1.4998338388380534,2,1.4998338388380534,2,False
6,1.501209181366716,2,1.501209181366716,2,False
481,1.5014770154048271,2,1.5014770154048271,2,False
474,1.503695373572464,2,1.503695373572464,2,False
666,1.5039503057430903,2,1.5039503057430903,2,False
753,1.5040855590123512,2,1.5040855590123512,2,False
892,1.5065631754180373,2,1.5065631754180373,2,False
807,1.506810175167709,2,1.506810175167709,2,False
480,1.509147012277679,2,1.509147012277679,2,False
527,1.5094551475422486,2,1.5094551475422486,2,False
496,1.5134598746203598,2,1.5134598746203598,2,False
272,1.5148365124894627,2,1.5148365124894627,2,False
230,1.5190189433394945,2,1.5190189433394945,2,False
830,1.5205310381682868,2,1.5205310381682868,2,False
234,1.521884724881291,2,1.521884724881291,2,False
645,1.523352847822521,2,1.523352847822521,2,False
275,1.523398359733159,2,1.523398359733159,2,False
499,1.5244293245383371,2,1.5244293245383371,2,False
7,1.5312508649728027,2,1.5312508649728027,2,False
850,1.531283934770419,2,1.531283934770419,2,False
488,1.533889384391218,2,1.533889384391218,2,False
492,1.5352991651477192,2,1.5352991651477192,2,False
415,1.5454229031935938,2,1.5454229031935938,2,False
918,1.547386026060272,2,1.547386026060272,2,False
96,1.547581184118319,2,1.547581184118319,2,False
562,1.5513763111131524,2,1.5513763111131524,2,False
452,1.5551549685209425,2,1.5551549685209425,2,False
686,1.5558214900467324,2,1.5558214900467324,2,False
154,1.562500734736406,2,1.562500734736406,2,False
650,1.5671321696036151,2,1.5671321696036151,2,False
843,1.567444614189459,2,1.567444614189459,2,False
172,1.5685086363351275,2,1.5685086363351275,2,False
934,1.5701353946024237,2,1.5701353946024237,2,False
835,1.575498139946106,2,1.575498139946106,2,False
465,1.5796294225296306,2,1.5796294225296306,2,False
419,1.5819376024426226,2,1.5819376024426226,2,False
942,1.5834339593867548,2,1.5834339593867548,2,False
409,1.587167297086269,2,1.587167297086269,2,False
10,1.5883126752755403,2,1.5883126752755403,2,False
322,1.5908031058396674,2,1.5908031058396674,2,False
389,1.5916442530394457,2,1.5916442530394457,2,False
148,1.5938754443391323,2,1.5938754443391323,2,False
298,1.5939635497615203,2,1.5939635497615203,2,False
908,1.5956258279737303,2,1.5956258279737303,2,False
383,1.6122748837939005,2,1.6122748837939005,2,False
340,1.6158729917470884,2,1.6158729917470884,2,False
815,1.6338835810022505,2,1.6338835810022505,2,False
313,1.6445716768049263,2,1.6445716768049263,2,False
239,1.646340311216839,2,1.646340311216839,2,False
263,1.649909886460568,2,1.649909886460568,2,False
225,1.651817546649025,2,1.651817546649025,2,False
370,1.652287525700041,2,1.652287525700041,2,False
617,1.6524719177120324,2,1.6524719177120324,2,False
114,1.6525275316233417,2,1.6525275316233417,2,False
138,1.6579896062567494,2,1.6579896062567494,2,False
169,1.661115785805744,2,1.661115785805744,2,False
522,1.6623595623216598,2,1.6623595623216598,2,False
659,1.6680743650949816,2,1.6680743650949816,2,False
556,1.6701763335665456,2,1.6701763335665456,2,False
398,1.6723771802422238,2,1.6723771802422238,2,False
325,1.672462270587835,2,1.672462270587835,2,False
97,1.6725274824685863,2,1.6725274824685863,2,False
767,1.6769895188453,2,1.6769895188453,2,False
51,1.6809500969269269,2,1.6809500969269269,2,False
91,1.682611882856563,2,1.682611882856563,2,False
48,1.6835457974823147,2,1.6835457974823147,2,False
776,1.6852261184714803,2,1.6852261184714803,2,False
25,1.6905918690561208,2,1.6905918690561208,2,False
716,1.702289881063826,2,1.702289881063826,2,False
780,1.710762069802329,2,1.710762069802329,2,False
929,1.7117789929294664,2,1.7117789929294664,2,False
731,1.7229502845037268,2,1.7229502845037268,2,False
848,1.7260499923407666,2,1.7260499923407666,2,False
840,1.7311923762354646,2,1.7311923762354646,2,False
326,1.761280794476619,2,1.761280794476619,2,False
321,1.7642918015465163,2,1.7642918015465163,2,False
890,1.7665010580301312,2,1.7665010580301312,2,False
670,1.7721390798405343,2,1.7721390798405343,2,False
911,1.778940416453747,2,1.778940416453747,2,False
573,1.7815358279436366,2,1.7815358279436366,2,False
350,1.7887140313095602,2,1.7887140313095602,2,False
698,1.7971376188083046,2,1.7971376188083046,2,False
704,1.8045709946325432,2,1.8045709946325432,2,False
694,1.8069481617607832,2,1.8069481617607832,2,False
237,1.8083394930292531,2,1.8083394930292531,2,False
766,1.8193286934006576,2,1.8193286934006576,2,False
932,1.820855518212983,2,1.820855518212983,2,False
912,1.821761127471996,2,1.821761127471996,2,False
60,1.829626771297471,2,1.829626771297471,2,False
469,1.8352234590547525,2,1.8352234590547525,2,False
567,1.83540781989635,2,1.83540781989635,2,False
553,1.8499379548631936,2,1.8499379548631936,2,False
312,1.858054429566554,2,1.858054429566554,2,False
338,1.8595979209301177,2,1.8595979209301177,2,False
426,1.861484797873538,2,1.861484797873538,2,False
568,1.8756001253229235,2,1.8756001253229235,2,False
